id,Long,Lat
1,32.263,35.064
2,32.263,35.076
3,32.274,35.04
4,32.274,35.052
5,32.274,35.064
6,32.274,35.076
7,32.274,35.088
8,32.274,35.1
9,32.274,35.112
10,32.285,35.016
11,32.285,35.028
12,32.285,35.04
13,32.285,35.052
14,32.285,35.064
15,32.285,35.076
16,32.285,35.088
17,32.285,35.1
18,32.285,35.112
19,32.296,34.944
20,32.296,34.956
21,32.296,35.004
22,32.296,35.016
23,32.296,35.028
24,32.296,35.04
25,32.296,35.052
26,32.296,35.064
27,32.296,35.076
28,32.296,35.088
29,32.296,35.1
30,32.307,34.932
31,32.307,34.944
32,32.307,34.956
33,32.307,34.968
34,32.307,34.992
35,32.307,35.004
36,32.307,35.016
37,32.307,35.028
38,32.307,35.04
39,32.307,35.052
40,32.307,35.064
41,32.307,35.076
42,32.307,35.088
43,32.318,34.896
44,32.318,34.908
45,32.318,34.92
46,32.318,34.932
47,32.318,34.944
48,32.318,34.956
49,32.318,34.968
50,32.318,34.98
51,32.318,34.992
52,32.318,35.004
53,32.318,35.016
54,32.318,35.028
55,32.318,35.04
56,32.318,35.052
57,32.318,35.064
58,32.318,35.076
59,32.318,35.088
60,32.329,34.884
61,32.329,34.896
62,32.329,34.908
63,32.329,34.92
64,32.329,34.932
65,32.329,34.944
66,32.329,34.956
67,32.329,34.968
68,32.329,34.98
69,32.329,34.992
70,32.329,35.004
71,32.329,35.016
72,32.329,35.028
73,32.329,35.04
74,32.329,35.052
75,32.329,35.064
76,32.329,35.076
77,32.34,34.86
78,32.34,34.872
79,32.34,34.884
80,32.34,34.896
81,32.34,34.908
82,32.34,34.92
83,32.34,34.932
84,32.34,34.944
85,32.34,34.956
86,32.34,34.968
87,32.34,34.98
88,32.34,34.992
89,32.34,35.004
90,32.34,35.016
91,32.34,35.028
92,32.34,35.04
93,32.34,35.052
94,32.34,35.064
95,32.351,34.848
96,32.351,34.86
97,32.351,34.872
98,32.351,34.884
99,32.351,34.896
100,32.351,34.908
101,32.351,34.92
102,32.351,34.932
103,32.351,34.944
104,32.351,34.956
105,32.351,34.968
106,32.351,34.98
107,32.351,34.992
108,32.351,35.004
109,32.351,35.016
110,32.351,35.028
111,32.351,35.04
112,32.351,35.052
113,32.351,35.064
114,32.362,34.848
115,32.362,34.86
116,32.362,34.872
117,32.362,34.884
118,32.362,34.896
119,32.362,34.908
120,32.362,34.92
121,32.362,34.932
122,32.362,34.944
123,32.362,34.956
124,32.362,34.968
125,32.362,34.98
126,32.362,34.992
127,32.362,35.004
128,32.362,35.016
129,32.362,35.028
130,32.362,35.04
131,32.362,35.052
132,32.373,34.848
133,32.373,34.86
134,32.373,34.872
135,32.373,34.884
136,32.373,34.896
137,32.373,34.908
138,32.373,34.92
139,32.373,34.932
140,32.373,34.944
141,32.373,34.956
142,32.373,34.968
143,32.373,34.98
144,32.373,34.992
145,32.373,35.004
146,32.373,35.016
147,32.373,35.028
148,32.373,35.04
149,32.373,35.052
150,32.384,34.8
151,32.384,34.812
152,32.384,34.824
153,32.384,34.836
154,32.384,34.848
155,32.384,34.86
156,32.384,34.872
157,32.384,34.884
158,32.384,34.896
159,32.384,34.908
160,32.384,34.92
161,32.384,34.932
162,32.384,34.944
163,32.384,34.956
164,32.384,34.968
165,32.384,34.98
166,32.384,34.992
167,32.384,35.004
168,32.384,35.016
169,32.384,35.028
170,32.384,35.04
171,32.384,35.052
172,32.395,34.776
173,32.395,34.788
174,32.395,34.8
175,32.395,34.812
176,32.395,34.824
177,32.395,34.836
178,32.395,34.848
179,32.395,34.86
180,32.395,34.872
181,32.395,34.884
182,32.395,34.896
183,32.395,34.908
184,32.395,34.92
185,32.395,34.932
186,32.395,34.944
187,32.395,34.956
188,32.395,34.968
189,32.395,34.98
190,32.395,34.992
191,32.395,35.004
192,32.395,35.016
193,32.395,35.028
194,32.395,35.04
195,32.395,35.052
196,32.406,34.752
197,32.406,34.764
198,32.406,34.776
199,32.406,34.788
200,32.406,34.8
201,32.406,34.812
202,32.406,34.824
203,32.406,34.836
204,32.406,34.848
205,32.406,34.86
206,32.406,34.872
207,32.406,34.884
208,32.406,34.896
209,32.406,34.908
210,32.406,34.92
211,32.406,34.932
212,32.406,34.944
213,32.406,34.956
214,32.406,34.968
215,32.406,34.98
216,32.406,34.992
217,32.406,35.004
218,32.406,35.016
219,32.406,35.028
220,32.406,35.04
221,32.406,35.052
222,32.417,34.752
223,32.417,34.764
224,32.417,34.776
225,32.417,34.788
226,32.417,34.8
227,32.417,34.812
228,32.417,34.824
229,32.417,34.836
230,32.417,34.848
231,32.417,34.86
232,32.417,34.872
233,32.417,34.884
234,32.417,34.896
235,32.417,34.908
236,32.417,34.92
237,32.417,34.932
238,32.417,34.944
239,32.417,34.956
240,32.417,34.968
241,32.417,34.98
242,32.417,34.992
243,32.417,35.004
244,32.417,35.016
245,32.417,35.028
246,32.417,35.04
247,32.417,35.052
248,32.428,34.74
249,32.428,34.752
250,32.428,34.764
251,32.428,34.776
252,32.428,34.788
253,32.428,34.8
254,32.428,34.812
255,32.428,34.824
256,32.428,34.836
257,32.428,34.848
258,32.428,34.86
259,32.428,34.872
260,32.428,34.884
261,32.428,34.896
262,32.428,34.908
263,32.428,34.92
264,32.428,34.932
265,32.428,34.944
266,32.428,34.956
267,32.428,34.968
268,32.428,34.98
269,32.428,34.992
270,32.428,35.004
271,32.428,35.016
272,32.428,35.028
273,32.428,35.04
274,32.428,35.052
275,32.439,34.728
276,32.439,34.74
277,32.439,34.752
278,32.439,34.764
279,32.439,34.776
280,32.439,34.788
281,32.439,34.8
282,32.439,34.812
283,32.439,34.824
284,32.439,34.836
285,32.439,34.848
286,32.439,34.86
287,32.439,34.872
288,32.439,34.884
289,32.439,34.896
290,32.439,34.908
291,32.439,34.92
292,32.439,34.932
293,32.439,34.944
294,32.439,34.956
295,32.439,34.968
296,32.439,34.98
297,32.439,34.992
298,32.439,35.004
299,32.439,35.016
300,32.439,35.028
301,32.439,35.04
302,32.439,35.052
303,32.45,34.728
304,32.45,34.74
305,32.45,34.752
306,32.45,34.764
307,32.45,34.776
308,32.45,34.788
309,32.45,34.8
310,32.45,34.812
311,32.45,34.824
312,32.45,34.836
313,32.45,34.848
314,32.45,34.86
315,32.45,34.872
316,32.45,34.884
317,32.45,34.896
318,32.45,34.908
319,32.45,34.92
320,32.45,34.932
321,32.45,34.944
322,32.45,34.956
323,32.45,34.968
324,32.45,34.98
325,32.45,34.992
326,32.45,35.004
327,32.45,35.016
328,32.45,35.028
329,32.45,35.04
330,32.45,35.052
331,32.45,35.064
332,32.461,34.716
333,32.461,34.728
334,32.461,34.74
335,32.461,34.752
336,32.461,34.764
337,32.461,34.776
338,32.461,34.788
339,32.461,34.8
340,32.461,34.812
341,32.461,34.824
342,32.461,34.836
343,32.461,34.848
344,32.461,34.86
345,32.461,34.872
346,32.461,34.884
347,32.461,34.896
348,32.461,34.908
349,32.461,34.92
350,32.461,34.932
351,32.461,34.944
352,32.461,34.956
353,32.461,34.968
354,32.461,34.98
355,32.461,34.992
356,32.461,35.004
357,32.461,35.016
358,32.461,35.028
359,32.461,35.04
360,32.461,35.052
361,32.461,35.064
362,32.461,35.076
363,32.472,34.716
364,32.472,34.728
365,32.472,34.74
366,32.472,34.752
367,32.472,34.764
368,32.472,34.776
369,32.472,34.788
370,32.472,34.8
371,32.472,34.812
372,32.472,34.824
373,32.472,34.836
374,32.472,34.848
375,32.472,34.86
376,32.472,34.872
377,32.472,34.884
378,32.472,34.896
379,32.472,34.908
380,32.472,34.92
381,32.472,34.932
382,32.472,34.944
383,32.472,34.956
384,32.472,34.968
385,32.472,34.98
386,32.472,34.992
387,32.472,35.004
388,32.472,35.016
389,32.472,35.028
390,32.472,35.04
391,32.472,35.052
392,32.472,35.064
393,32.472,35.076
394,32.472,35.088
395,32.483,34.704
396,32.483,34.716
397,32.483,34.728
398,32.483,34.74
399,32.483,34.752
400,32.483,34.764
401,32.483,34.776
402,32.483,34.788
403,32.483,34.8
404,32.483,34.812
405,32.483,34.824
406,32.483,34.836
407,32.483,34.848
408,32.483,34.86
409,32.483,34.872
410,32.483,34.884
411,32.483,34.896
412,32.483,34.908
413,32.483,34.92
414,32.483,34.932
415,32.483,34.944
416,32.483,34.956
417,32.483,34.968
418,32.483,34.98
419,32.483,34.992
420,32.483,35.004
421,32.483,35.016
422,32.483,35.028
423,32.483,35.04
424,32.483,35.052
425,32.483,35.064
426,32.483,35.076
427,32.483,35.088
428,32.483,35.1
429,32.494,34.704
430,32.494,34.716
431,32.494,34.728
432,32.494,34.74
433,32.494,34.752
434,32.494,34.764
435,32.494,34.776
436,32.494,34.788
437,32.494,34.8
438,32.494,34.812
439,32.494,34.824
440,32.494,34.836
441,32.494,34.848
442,32.494,34.86
443,32.494,34.872
444,32.494,34.884
445,32.494,34.896
446,32.494,34.908
447,32.494,34.92
448,32.494,34.932
449,32.494,34.944
450,32.494,34.956
451,32.494,34.968
452,32.494,34.98
453,32.494,34.992
454,32.494,35.004
455,32.494,35.016
456,32.494,35.028
457,32.494,35.04
458,32.494,35.052
459,32.494,35.064
460,32.494,35.076
461,32.494,35.088
462,32.494,35.1
463,32.494,35.112
464,32.505,34.704
465,32.505,34.716
466,32.505,34.728
467,32.505,34.74
468,32.505,34.752
469,32.505,34.764
470,32.505,34.776
471,32.505,34.788
472,32.505,34.8
473,32.505,34.812
474,32.505,34.824
475,32.505,34.836
476,32.505,34.848
477,32.505,34.86
478,32.505,34.872
479,32.505,34.884
480,32.505,34.896
481,32.505,34.908
482,32.505,34.92
483,32.505,34.932
484,32.505,34.944
485,32.505,34.956
486,32.505,34.968
487,32.505,34.98
488,32.505,34.992
489,32.505,35.004
490,32.505,35.016
491,32.505,35.028
492,32.505,35.04
493,32.505,35.052
494,32.505,35.064
495,32.505,35.076
496,32.505,35.088
497,32.505,35.1
498,32.505,35.112
499,32.505,35.124
500,32.516,34.704
501,32.516,34.716
502,32.516,34.728
503,32.516,34.74
504,32.516,34.752
505,32.516,34.764
506,32.516,34.776
507,32.516,34.788
508,32.516,34.8
509,32.516,34.812
510,32.516,34.824
511,32.516,34.836
512,32.516,34.848
513,32.516,34.86
514,32.516,34.872
515,32.516,34.884
516,32.516,34.896
517,32.516,34.908
518,32.516,34.92
519,32.516,34.932
520,32.516,34.944
521,32.516,34.956
522,32.516,34.968
523,32.516,34.98
524,32.516,34.992
525,32.516,35.004
526,32.516,35.016
527,32.516,35.028
528,32.516,35.04
529,32.516,35.052
530,32.516,35.064
531,32.516,35.076
532,32.516,35.088
533,32.516,35.1
534,32.516,35.112
535,32.516,35.124
536,32.516,35.136
537,32.516,35.148
538,32.527,34.704
539,32.527,34.716
540,32.527,34.728
541,32.527,34.74
542,32.527,34.752
543,32.527,34.764
544,32.527,34.776
545,32.527,34.788
546,32.527,34.8
547,32.527,34.812
548,32.527,34.824
549,32.527,34.836
550,32.527,34.848
551,32.527,34.86
552,32.527,34.872
553,32.527,34.884
554,32.527,34.896
555,32.527,34.908
556,32.527,34.92
557,32.527,34.932
558,32.527,34.944
559,32.527,34.956
560,32.527,34.968
561,32.527,34.98
562,32.527,34.992
563,32.527,35.004
564,32.527,35.016
565,32.527,35.028
566,32.527,35.04
567,32.527,35.052
568,32.527,35.064
569,32.527,35.076
570,32.527,35.088
571,32.527,35.1
572,32.527,35.112
573,32.527,35.124
574,32.527,35.136
575,32.527,35.148
576,32.538,34.704
577,32.538,34.716
578,32.538,34.728
579,32.538,34.74
580,32.538,34.752
581,32.538,34.764
582,32.538,34.776
583,32.538,34.788
584,32.538,34.8
585,32.538,34.812
586,32.538,34.824
587,32.538,34.836
588,32.538,34.848
589,32.538,34.86
590,32.538,34.872
591,32.538,34.884
592,32.538,34.896
593,32.538,34.908
594,32.538,34.92
595,32.538,34.932
596,32.538,34.944
597,32.538,34.956
598,32.538,34.968
599,32.538,34.98
600,32.538,34.992
601,32.538,35.004
602,32.538,35.016
603,32.538,35.028
604,32.538,35.04
605,32.538,35.052
606,32.538,35.064
607,32.538,35.076
608,32.538,35.088
609,32.538,35.1
610,32.538,35.112
611,32.538,35.124
612,32.538,35.136
613,32.538,35.148
614,32.538,35.16
615,32.538,35.172
616,32.549,34.704
617,32.549,34.716
618,32.549,34.728
619,32.549,34.74
620,32.549,34.752
621,32.549,34.764
622,32.549,34.776
623,32.549,34.788
624,32.549,34.8
625,32.549,34.812
626,32.549,34.824
627,32.549,34.836
628,32.549,34.848
629,32.549,34.86
630,32.549,34.872
631,32.549,34.884
632,32.549,34.896
633,32.549,34.908
634,32.549,34.92
635,32.549,34.932
636,32.549,34.944
637,32.549,34.956
638,32.549,34.968
639,32.549,34.98
640,32.549,34.992
641,32.549,35.004
642,32.549,35.016
643,32.549,35.028
644,32.549,35.04
645,32.549,35.052
646,32.549,35.064
647,32.549,35.076
648,32.549,35.088
649,32.549,35.1
650,32.549,35.112
651,32.549,35.124
652,32.549,35.136
653,32.549,35.148
654,32.549,35.16
655,32.549,35.172
656,32.56,34.692
657,32.56,34.704
658,32.56,34.716
659,32.56,34.728
660,32.56,34.74
661,32.56,34.752
662,32.56,34.764
663,32.56,34.776
664,32.56,34.788
665,32.56,34.8
666,32.56,34.812
667,32.56,34.824
668,32.56,34.836
669,32.56,34.848
670,32.56,34.86
671,32.56,34.872
672,32.56,34.884
673,32.56,34.896
674,32.56,34.908
675,32.56,34.92
676,32.56,34.932
677,32.56,34.944
678,32.56,34.956
679,32.56,34.968
680,32.56,34.98
681,32.56,34.992
682,32.56,35.004
683,32.56,35.016
684,32.56,35.028
685,32.56,35.04
686,32.56,35.052
687,32.56,35.064
688,32.56,35.076
689,32.56,35.088
690,32.56,35.1
691,32.56,35.112
692,32.56,35.124
693,32.56,35.136
694,32.56,35.148
695,32.56,35.16
696,32.56,35.172
697,32.571,34.692
698,32.571,34.704
699,32.571,34.716
700,32.571,34.728
701,32.571,34.74
702,32.571,34.752
703,32.571,34.764
704,32.571,34.776
705,32.571,34.788
706,32.571,34.8
707,32.571,34.812
708,32.571,34.824
709,32.571,34.836
710,32.571,34.848
711,32.571,34.86
712,32.571,34.872
713,32.571,34.884
714,32.571,34.896
715,32.571,34.908
716,32.571,34.92
717,32.571,34.932
718,32.571,34.944
719,32.571,34.956
720,32.571,34.968
721,32.571,34.98
722,32.571,34.992
723,32.571,35.004
724,32.571,35.016
725,32.571,35.028
726,32.571,35.04
727,32.571,35.052
728,32.571,35.064
729,32.571,35.076
730,32.571,35.088
731,32.571,35.1
732,32.571,35.112
733,32.571,35.124
734,32.571,35.136
735,32.571,35.148
736,32.571,35.16
737,32.571,35.172
738,32.582,34.68
739,32.582,34.692
740,32.582,34.704
741,32.582,34.716
742,32.582,34.728
743,32.582,34.74
744,32.582,34.752
745,32.582,34.764
746,32.582,34.776
747,32.582,34.788
748,32.582,34.8
749,32.582,34.812
750,32.582,34.824
751,32.582,34.836
752,32.582,34.848
753,32.582,34.86
754,32.582,34.872
755,32.582,34.884
756,32.582,34.896
757,32.582,34.908
758,32.582,34.92
759,32.582,34.932
760,32.582,34.944
761,32.582,34.956
762,32.582,34.968
763,32.582,34.98
764,32.582,34.992
765,32.582,35.004
766,32.582,35.016
767,32.582,35.028
768,32.582,35.04
769,32.582,35.052
770,32.582,35.064
771,32.582,35.076
772,32.582,35.088
773,32.582,35.1
774,32.582,35.112
775,32.582,35.124
776,32.582,35.136
777,32.582,35.148
778,32.582,35.16
779,32.582,35.172
780,32.582,35.184
781,32.593,34.68
782,32.593,34.692
783,32.593,34.704
784,32.593,34.716
785,32.593,34.728
786,32.593,34.74
787,32.593,34.752
788,32.593,34.764
789,32.593,34.776
790,32.593,34.788
791,32.593,34.8
792,32.593,34.812
793,32.593,34.824
794,32.593,34.836
795,32.593,34.848
796,32.593,34.86
797,32.593,34.872
798,32.593,34.884
799,32.593,34.896
800,32.593,34.908
801,32.593,34.92
802,32.593,34.932
803,32.593,34.944
804,32.593,34.956
805,32.593,34.968
806,32.593,34.98
807,32.593,34.992
808,32.593,35.004
809,32.593,35.016
810,32.593,35.028
811,32.593,35.04
812,32.593,35.052
813,32.593,35.064
814,32.593,35.076
815,32.593,35.088
816,32.593,35.1
817,32.593,35.112
818,32.593,35.124
819,32.593,35.136
820,32.593,35.148
821,32.593,35.16
822,32.593,35.172
823,32.593,35.184
824,32.604,34.68
825,32.604,34.692
826,32.604,34.704
827,32.604,34.716
828,32.604,34.728
829,32.604,34.74
830,32.604,34.752
831,32.604,34.764
832,32.604,34.776
833,32.604,34.788
834,32.604,34.8
835,32.604,34.812
836,32.604,34.824
837,32.604,34.836
838,32.604,34.848
839,32.604,34.86
840,32.604,34.872
841,32.604,34.884
842,32.604,34.896
843,32.604,34.908
844,32.604,34.92
845,32.604,34.932
846,32.604,34.944
847,32.604,34.956
848,32.604,34.968
849,32.604,34.98
850,32.604,34.992
851,32.604,35.004
852,32.604,35.016
853,32.604,35.028
854,32.604,35.04
855,32.604,35.052
856,32.604,35.064
857,32.604,35.076
858,32.604,35.088
859,32.604,35.1
860,32.604,35.112
861,32.604,35.124
862,32.604,35.136
863,32.604,35.148
864,32.604,35.16
865,32.604,35.172
866,32.604,35.184
867,32.615,34.668
868,32.615,34.68
869,32.615,34.692
870,32.615,34.704
871,32.615,34.716
872,32.615,34.728
873,32.615,34.74
874,32.615,34.752
875,32.615,34.764
876,32.615,34.776
877,32.615,34.788
878,32.615,34.8
879,32.615,34.812
880,32.615,34.824
881,32.615,34.836
882,32.615,34.848
883,32.615,34.86
884,32.615,34.872
885,32.615,34.884
886,32.615,34.896
887,32.615,34.908
888,32.615,34.92
889,32.615,34.932
890,32.615,34.944
891,32.615,34.956
892,32.615,34.968
893,32.615,34.98
894,32.615,34.992
895,32.615,35.004
896,32.615,35.016
897,32.615,35.028
898,32.615,35.04
899,32.615,35.052
900,32.615,35.064
901,32.615,35.076
902,32.615,35.088
903,32.615,35.1
904,32.615,35.112
905,32.615,35.124
906,32.615,35.136
907,32.615,35.148
908,32.615,35.16
909,32.615,35.172
910,32.615,35.184
911,32.615,35.196
912,32.626,34.668
913,32.626,34.68
914,32.626,34.692
915,32.626,34.704
916,32.626,34.716
917,32.626,34.728
918,32.626,34.74
919,32.626,34.752
920,32.626,34.764
921,32.626,34.776
922,32.626,34.788
923,32.626,34.8
924,32.626,34.812
925,32.626,34.824
926,32.626,34.836
927,32.626,34.848
928,32.626,34.86
929,32.626,34.872
930,32.626,34.884
931,32.626,34.896
932,32.626,34.908
933,32.626,34.92
934,32.626,34.932
935,32.626,34.944
936,32.626,34.956
937,32.626,34.968
938,32.626,34.98
939,32.626,34.992
940,32.626,35.004
941,32.626,35.016
942,32.626,35.028
943,32.626,35.04
944,32.626,35.052
945,32.626,35.064
946,32.626,35.076
947,32.626,35.088
948,32.626,35.1
949,32.626,35.112
950,32.626,35.124
951,32.626,35.136
952,32.626,35.148
953,32.626,35.16
954,32.626,35.172
955,32.626,35.184
956,32.626,35.196
957,32.637,34.656
958,32.637,34.668
959,32.637,34.68
960,32.637,34.692
961,32.637,34.704
962,32.637,34.716
963,32.637,34.728
964,32.637,34.74
965,32.637,34.752
966,32.637,34.764
967,32.637,34.776
968,32.637,34.788
969,32.637,34.8
970,32.637,34.812
971,32.637,34.824
972,32.637,34.836
973,32.637,34.848
974,32.637,34.86
975,32.637,34.872
976,32.637,34.884
977,32.637,34.896
978,32.637,34.908
979,32.637,34.92
980,32.637,34.932
981,32.637,34.944
982,32.637,34.956
983,32.637,34.968
984,32.637,34.98
985,32.637,34.992
986,32.637,35.004
987,32.637,35.016
988,32.637,35.028
989,32.637,35.04
990,32.637,35.052
991,32.637,35.064
992,32.637,35.076
993,32.637,35.088
994,32.637,35.1
995,32.637,35.112
996,32.637,35.124
997,32.637,35.136
998,32.637,35.148
999,32.637,35.16
1000,32.637,35.172
1001,32.637,35.184
1002,32.637,35.196
1003,32.648,34.656
1004,32.648,34.668
1005,32.648,34.68
1006,32.648,34.692
1007,32.648,34.704
1008,32.648,34.716
1009,32.648,34.728
1010,32.648,34.74
1011,32.648,34.752
1012,32.648,34.764
1013,32.648,34.776
1014,32.648,34.788
1015,32.648,34.8
1016,32.648,34.812
1017,32.648,34.824
1018,32.648,34.836
1019,32.648,34.848
1020,32.648,34.86
1021,32.648,34.872
1022,32.648,34.884
1023,32.648,34.896
1024,32.648,34.908
1025,32.648,34.92
1026,32.648,34.932
1027,32.648,34.944
1028,32.648,34.956
1029,32.648,34.968
1030,32.648,34.98
1031,32.648,34.992
1032,32.648,35.004
1033,32.648,35.016
1034,32.648,35.028
1035,32.648,35.04
1036,32.648,35.052
1037,32.648,35.064
1038,32.648,35.076
1039,32.648,35.088
1040,32.648,35.1
1041,32.648,35.112
1042,32.648,35.124
1043,32.648,35.136
1044,32.648,35.148
1045,32.648,35.16
1046,32.648,35.172
1047,32.648,35.184
1048,32.648,35.196
1049,32.659,34.644
1050,32.659,34.656
1051,32.659,34.668
1052,32.659,34.68
1053,32.659,34.692
1054,32.659,34.704
1055,32.659,34.716
1056,32.659,34.728
1057,32.659,34.74
1058,32.659,34.752
1059,32.659,34.764
1060,32.659,34.776
1061,32.659,34.788
1062,32.659,34.8
1063,32.659,34.812
1064,32.659,34.824
1065,32.659,34.836
1066,32.659,34.848
1067,32.659,34.86
1068,32.659,34.872
1069,32.659,34.884
1070,32.659,34.896
1071,32.659,34.908
1072,32.659,34.92
1073,32.659,34.932
1074,32.659,34.944
1075,32.659,34.956
1076,32.659,34.968
1077,32.659,34.98
1078,32.659,34.992
1079,32.659,35.004
1080,32.659,35.016
1081,32.659,35.028
1082,32.659,35.04
1083,32.659,35.052
1084,32.659,35.064
1085,32.659,35.076
1086,32.659,35.088
1087,32.659,35.1
1088,32.659,35.112
1089,32.659,35.124
1090,32.659,35.136
1091,32.659,35.148
1092,32.659,35.16
1093,32.659,35.172
1094,32.659,35.184
1095,32.659,35.196
1096,32.67,34.644
1097,32.67,34.656
1098,32.67,34.668
1099,32.67,34.68
1100,32.67,34.692
1101,32.67,34.704
1102,32.67,34.716
1103,32.67,34.728
1104,32.67,34.74
1105,32.67,34.752
1106,32.67,34.764
1107,32.67,34.776
1108,32.67,34.788
1109,32.67,34.8
1110,32.67,34.812
1111,32.67,34.824
1112,32.67,34.836
1113,32.67,34.848
1114,32.67,34.86
1115,32.67,34.872
1116,32.67,34.884
1117,32.67,34.896
1118,32.67,34.908
1119,32.67,34.92
1120,32.67,34.932
1121,32.67,34.944
1122,32.67,34.956
1123,32.67,34.968
1124,32.67,34.98
1125,32.67,34.992
1126,32.67,35.004
1127,32.67,35.016
1128,32.67,35.028
1129,32.67,35.04
1130,32.67,35.052
1131,32.67,35.064
1132,32.67,35.076
1133,32.67,35.088
1134,32.67,35.1
1135,32.67,35.112
1136,32.67,35.124
1137,32.67,35.136
1138,32.67,35.148
1139,32.67,35.16
1140,32.67,35.172
1141,32.67,35.184
1142,32.67,35.196
1143,32.681,34.644
1144,32.681,34.656
1145,32.681,34.668
1146,32.681,34.68
1147,32.681,34.692
1148,32.681,34.704
1149,32.681,34.716
1150,32.681,34.728
1151,32.681,34.74
1152,32.681,34.752
1153,32.681,34.764
1154,32.681,34.776
1155,32.681,34.788
1156,32.681,34.8
1157,32.681,34.812
1158,32.681,34.824
1159,32.681,34.836
1160,32.681,34.848
1161,32.681,34.86
1162,32.681,34.872
1163,32.681,34.884
1164,32.681,34.896
1165,32.681,34.908
1166,32.681,34.92
1167,32.681,34.932
1168,32.681,34.944
1169,32.681,34.956
1170,32.681,34.968
1171,32.681,34.98
1172,32.681,34.992
1173,32.681,35.004
1174,32.681,35.016
1175,32.681,35.028
1176,32.681,35.04
1177,32.681,35.052
1178,32.681,35.064
1179,32.681,35.076
1180,32.681,35.088
1181,32.681,35.1
1182,32.681,35.112
1183,32.681,35.124
1184,32.681,35.136
1185,32.681,35.148
1186,32.681,35.16
1187,32.681,35.172
1188,32.681,35.184
1189,32.681,35.196
1190,32.692,34.644
1191,32.692,34.656
1192,32.692,34.668
1193,32.692,34.68
1194,32.692,34.692
1195,32.692,34.704
1196,32.692,34.716
1197,32.692,34.728
1198,32.692,34.74
1199,32.692,34.752
1200,32.692,34.764
1201,32.692,34.776
1202,32.692,34.788
1203,32.692,34.8
1204,32.692,34.812
1205,32.692,34.824
1206,32.692,34.836
1207,32.692,34.848
1208,32.692,34.86
1209,32.692,34.872
1210,32.692,34.884
1211,32.692,34.896
1212,32.692,34.908
1213,32.692,34.92
1214,32.692,34.932
1215,32.692,34.944
1216,32.692,34.956
1217,32.692,34.968
1218,32.692,34.98
1219,32.692,34.992
1220,32.692,35.004
1221,32.692,35.016
1222,32.692,35.028
1223,32.692,35.04
1224,32.692,35.052
1225,32.692,35.064
1226,32.692,35.076
1227,32.692,35.088
1228,32.692,35.1
1229,32.692,35.112
1230,32.692,35.124
1231,32.692,35.136
1232,32.692,35.148
1233,32.692,35.16
1234,32.692,35.172
1235,32.692,35.184
1236,32.703,34.644
1237,32.703,34.656
1238,32.703,34.668
1239,32.703,34.68
1240,32.703,34.692
1241,32.703,34.704
1242,32.703,34.716
1243,32.703,34.728
1244,32.703,34.74
1245,32.703,34.752
1246,32.703,34.764
1247,32.703,34.776
1248,32.703,34.788
1249,32.703,34.8
1250,32.703,34.812
1251,32.703,34.824
1252,32.703,34.836
1253,32.703,34.848
1254,32.703,34.86
1255,32.703,34.872
1256,32.703,34.884
1257,32.703,34.896
1258,32.703,34.908
1259,32.703,34.92
1260,32.703,34.932
1261,32.703,34.944
1262,32.703,34.956
1263,32.703,34.968
1264,32.703,34.98
1265,32.703,34.992
1266,32.703,35.004
1267,32.703,35.016
1268,32.703,35.028
1269,32.703,35.04
1270,32.703,35.052
1271,32.703,35.064
1272,32.703,35.076
1273,32.703,35.088
1274,32.703,35.1
1275,32.703,35.112
1276,32.703,35.124
1277,32.703,35.136
1278,32.703,35.148
1279,32.703,35.16
1280,32.703,35.172
1281,32.703,35.184
1282,32.714,34.644
1283,32.714,34.656
1284,32.714,34.668
1285,32.714,34.68
1286,32.714,34.692
1287,32.714,34.704
1288,32.714,34.716
1289,32.714,34.728
1290,32.714,34.74
1291,32.714,34.752
1292,32.714,34.764
1293,32.714,34.776
1294,32.714,34.788
1295,32.714,34.8
1296,32.714,34.812
1297,32.714,34.824
1298,32.714,34.836
1299,32.714,34.848
1300,32.714,34.86
1301,32.714,34.872
1302,32.714,34.884
1303,32.714,34.896
1304,32.714,34.908
1305,32.714,34.92
1306,32.714,34.932
1307,32.714,34.944
1308,32.714,34.956
1309,32.714,34.968
1310,32.714,34.98
1311,32.714,34.992
1312,32.714,35.004
1313,32.714,35.016
1314,32.714,35.028
1315,32.714,35.04
1316,32.714,35.052
1317,32.714,35.064
1318,32.714,35.076
1319,32.714,35.088
1320,32.714,35.1
1321,32.714,35.112
1322,32.714,35.124
1323,32.714,35.136
1324,32.714,35.148
1325,32.714,35.16
1326,32.714,35.172
1327,32.714,35.184
1328,32.725,34.644
1329,32.725,34.656
1330,32.725,34.668
1331,32.725,34.68
1332,32.725,34.692
1333,32.725,34.704
1334,32.725,34.716
1335,32.725,34.728
1336,32.725,34.74
1337,32.725,34.752
1338,32.725,34.764
1339,32.725,34.776
1340,32.725,34.788
1341,32.725,34.8
1342,32.725,34.812
1343,32.725,34.824
1344,32.725,34.836
1345,32.725,34.848
1346,32.725,34.86
1347,32.725,34.872
1348,32.725,34.884
1349,32.725,34.896
1350,32.725,34.908
1351,32.725,34.92
1352,32.725,34.932
1353,32.725,34.944
1354,32.725,34.956
1355,32.725,34.968
1356,32.725,34.98
1357,32.725,34.992
1358,32.725,35.004
1359,32.725,35.016
1360,32.725,35.028
1361,32.725,35.04
1362,32.725,35.052
1363,32.725,35.064
1364,32.725,35.076
1365,32.725,35.088
1366,32.725,35.1
1367,32.725,35.112
1368,32.725,35.124
1369,32.725,35.136
1370,32.725,35.148
1371,32.725,35.16
1372,32.736,34.644
1373,32.736,34.656
1374,32.736,34.668
1375,32.736,34.68
1376,32.736,34.692
1377,32.736,34.704
1378,32.736,34.716
1379,32.736,34.728
1380,32.736,34.74
1381,32.736,34.752
1382,32.736,34.764
1383,32.736,34.776
1384,32.736,34.788
1385,32.736,34.8
1386,32.736,34.812
1387,32.736,34.824
1388,32.736,34.836
1389,32.736,34.848
1390,32.736,34.86
1391,32.736,34.872
1392,32.736,34.884
1393,32.736,34.896
1394,32.736,34.908
1395,32.736,34.92
1396,32.736,34.932
1397,32.736,34.944
1398,32.736,34.956
1399,32.736,34.968
1400,32.736,34.98
1401,32.736,34.992
1402,32.736,35.004
1403,32.736,35.016
1404,32.736,35.028
1405,32.736,35.04
1406,32.736,35.052
1407,32.736,35.064
1408,32.736,35.076
1409,32.736,35.088
1410,32.736,35.1
1411,32.736,35.112
1412,32.736,35.124
1413,32.736,35.136
1414,32.736,35.148
1415,32.736,35.16
1416,32.747,34.644
1417,32.747,34.656
1418,32.747,34.668
1419,32.747,34.68
1420,32.747,34.692
1421,32.747,34.704
1422,32.747,34.716
1423,32.747,34.728
1424,32.747,34.74
1425,32.747,34.752
1426,32.747,34.764
1427,32.747,34.776
1428,32.747,34.788
1429,32.747,34.8
1430,32.747,34.812
1431,32.747,34.824
1432,32.747,34.836
1433,32.747,34.848
1434,32.747,34.86
1435,32.747,34.872
1436,32.747,34.884
1437,32.747,34.896
1438,32.747,34.908
1439,32.747,34.92
1440,32.747,34.932
1441,32.747,34.944
1442,32.747,34.956
1443,32.747,34.968
1444,32.747,34.98
1445,32.747,34.992
1446,32.747,35.004
1447,32.747,35.016
1448,32.747,35.028
1449,32.747,35.04
1450,32.747,35.052
1451,32.747,35.064
1452,32.747,35.076
1453,32.747,35.088
1454,32.747,35.1
1455,32.747,35.112
1456,32.747,35.124
1457,32.747,35.136
1458,32.747,35.148
1459,32.758,34.644
1460,32.758,34.656
1461,32.758,34.668
1462,32.758,34.68
1463,32.758,34.692
1464,32.758,34.704
1465,32.758,34.716
1466,32.758,34.728
1467,32.758,34.74
1468,32.758,34.752
1469,32.758,34.764
1470,32.758,34.776
1471,32.758,34.788
1472,32.758,34.8
1473,32.758,34.812
1474,32.758,34.824
1475,32.758,34.836
1476,32.758,34.848
1477,32.758,34.86
1478,32.758,34.872
1479,32.758,34.884
1480,32.758,34.896
1481,32.758,34.908
1482,32.758,34.92
1483,32.758,34.932
1484,32.758,34.944
1485,32.758,34.956
1486,32.758,34.968
1487,32.758,34.98
1488,32.758,34.992
1489,32.758,35.004
1490,32.758,35.016
1491,32.758,35.028
1492,32.758,35.04
1493,32.758,35.052
1494,32.758,35.064
1495,32.758,35.076
1496,32.758,35.088
1497,32.758,35.1
1498,32.758,35.112
1499,32.758,35.124
1500,32.758,35.136
1501,32.758,35.148
1502,32.769,34.656
1503,32.769,34.668
1504,32.769,34.68
1505,32.769,34.692
1506,32.769,34.704
1507,32.769,34.716
1508,32.769,34.728
1509,32.769,34.74
1510,32.769,34.752
1511,32.769,34.764
1512,32.769,34.776
1513,32.769,34.788
1514,32.769,34.8
1515,32.769,34.812
1516,32.769,34.824
1517,32.769,34.836
1518,32.769,34.848
1519,32.769,34.86
1520,32.769,34.872
1521,32.769,34.884
1522,32.769,34.896
1523,32.769,34.908
1524,32.769,34.92
1525,32.769,34.932
1526,32.769,34.944
1527,32.769,34.956
1528,32.769,34.968
1529,32.769,34.98
1530,32.769,34.992
1531,32.769,35.004
1532,32.769,35.016
1533,32.769,35.028
1534,32.769,35.04
1535,32.769,35.052
1536,32.769,35.064
1537,32.769,35.076
1538,32.769,35.088
1539,32.769,35.1
1540,32.769,35.112
1541,32.769,35.124
1542,32.769,35.136
1543,32.78,34.656
1544,32.78,34.668
1545,32.78,34.68
1546,32.78,34.692
1547,32.78,34.704
1548,32.78,34.716
1549,32.78,34.728
1550,32.78,34.74
1551,32.78,34.752
1552,32.78,34.764
1553,32.78,34.776
1554,32.78,34.788
1555,32.78,34.8
1556,32.78,34.812
1557,32.78,34.824
1558,32.78,34.836
1559,32.78,34.848
1560,32.78,34.86
1561,32.78,34.872
1562,32.78,34.884
1563,32.78,34.896
1564,32.78,34.908
1565,32.78,34.92
1566,32.78,34.932
1567,32.78,34.944
1568,32.78,34.956
1569,32.78,34.968
1570,32.78,34.98
1571,32.78,34.992
1572,32.78,35.004
1573,32.78,35.016
1574,32.78,35.028
1575,32.78,35.04
1576,32.78,35.052
1577,32.78,35.064
1578,32.78,35.076
1579,32.78,35.088
1580,32.78,35.1
1581,32.78,35.112
1582,32.78,35.124
1583,32.78,35.136
1584,32.791,34.656
1585,32.791,34.668
1586,32.791,34.68
1587,32.791,34.692
1588,32.791,34.704
1589,32.791,34.716
1590,32.791,34.728
1591,32.791,34.74
1592,32.791,34.752
1593,32.791,34.764
1594,32.791,34.776
1595,32.791,34.788
1596,32.791,34.8
1597,32.791,34.812
1598,32.791,34.824
1599,32.791,34.836
1600,32.791,34.848
1601,32.791,34.86
1602,32.791,34.872
1603,32.791,34.884
1604,32.791,34.896
1605,32.791,34.908
1606,32.791,34.92
1607,32.791,34.932
1608,32.791,34.944
1609,32.791,34.956
1610,32.791,34.968
1611,32.791,34.98
1612,32.791,34.992
1613,32.791,35.004
1614,32.791,35.016
1615,32.791,35.028
1616,32.791,35.04
1617,32.791,35.052
1618,32.791,35.064
1619,32.791,35.076
1620,32.791,35.088
1621,32.791,35.1
1622,32.791,35.112
1623,32.791,35.124
1624,32.802,34.656
1625,32.802,34.668
1626,32.802,34.68
1627,32.802,34.692
1628,32.802,34.704
1629,32.802,34.716
1630,32.802,34.728
1631,32.802,34.74
1632,32.802,34.752
1633,32.802,34.764
1634,32.802,34.776
1635,32.802,34.788
1636,32.802,34.8
1637,32.802,34.812
1638,32.802,34.824
1639,32.802,34.836
1640,32.802,34.848
1641,32.802,34.86
1642,32.802,34.872
1643,32.802,34.884
1644,32.802,34.896
1645,32.802,34.908
1646,32.802,34.92
1647,32.802,34.932
1648,32.802,34.944
1649,32.802,34.956
1650,32.802,34.968
1651,32.802,34.98
1652,32.802,34.992
1653,32.802,35.004
1654,32.802,35.016
1655,32.802,35.028
1656,32.802,35.04
1657,32.802,35.052
1658,32.802,35.064
1659,32.802,35.076
1660,32.802,35.088
1661,32.802,35.1
1662,32.802,35.112
1663,32.802,35.124
1664,32.813,34.656
1665,32.813,34.668
1666,32.813,34.68
1667,32.813,34.692
1668,32.813,34.704
1669,32.813,34.716
1670,32.813,34.728
1671,32.813,34.74
1672,32.813,34.752
1673,32.813,34.764
1674,32.813,34.776
1675,32.813,34.788
1676,32.813,34.8
1677,32.813,34.812
1678,32.813,34.824
1679,32.813,34.836
1680,32.813,34.848
1681,32.813,34.86
1682,32.813,34.872
1683,32.813,34.884
1684,32.813,34.896
1685,32.813,34.908
1686,32.813,34.92
1687,32.813,34.932
1688,32.813,34.944
1689,32.813,34.956
1690,32.813,34.968
1691,32.813,34.98
1692,32.813,34.992
1693,32.813,35.004
1694,32.813,35.016
1695,32.813,35.028
1696,32.813,35.04
1697,32.813,35.052
1698,32.813,35.064
1699,32.813,35.076
1700,32.813,35.088
1701,32.813,35.1
1702,32.813,35.112
1703,32.813,35.124
1704,32.824,34.668
1705,32.824,34.68
1706,32.824,34.692
1707,32.824,34.704
1708,32.824,34.716
1709,32.824,34.728
1710,32.824,34.74
1711,32.824,34.752
1712,32.824,34.764
1713,32.824,34.776
1714,32.824,34.788
1715,32.824,34.8
1716,32.824,34.812
1717,32.824,34.824
1718,32.824,34.836
1719,32.824,34.848
1720,32.824,34.86
1721,32.824,34.872
1722,32.824,34.884
1723,32.824,34.896
1724,32.824,34.908
1725,32.824,34.92
1726,32.824,34.932
1727,32.824,34.944
1728,32.824,34.956
1729,32.824,34.968
1730,32.824,34.98
1731,32.824,34.992
1732,32.824,35.004
1733,32.824,35.016
1734,32.824,35.028
1735,32.824,35.04
1736,32.824,35.052
1737,32.824,35.064
1738,32.824,35.076
1739,32.824,35.088
1740,32.824,35.1
1741,32.824,35.112
1742,32.835,34.668
1743,32.835,34.68
1744,32.835,34.692
1745,32.835,34.704
1746,32.835,34.716
1747,32.835,34.728
1748,32.835,34.74
1749,32.835,34.752
1750,32.835,34.764
1751,32.835,34.776
1752,32.835,34.788
1753,32.835,34.8
1754,32.835,34.812
1755,32.835,34.824
1756,32.835,34.836
1757,32.835,34.848
1758,32.835,34.86
1759,32.835,34.872
1760,32.835,34.884
1761,32.835,34.896
1762,32.835,34.908
1763,32.835,34.92
1764,32.835,34.932
1765,32.835,34.944
1766,32.835,34.956
1767,32.835,34.968
1768,32.835,34.98
1769,32.835,34.992
1770,32.835,35.004
1771,32.835,35.016
1772,32.835,35.028
1773,32.835,35.04
1774,32.835,35.052
1775,32.835,35.064
1776,32.835,35.076
1777,32.835,35.088
1778,32.835,35.1
1779,32.835,35.112
1780,32.846,34.668
1781,32.846,34.68
1782,32.846,34.692
1783,32.846,34.704
1784,32.846,34.716
1785,32.846,34.728
1786,32.846,34.74
1787,32.846,34.752
1788,32.846,34.764
1789,32.846,34.776
1790,32.846,34.788
1791,32.846,34.8
1792,32.846,34.812
1793,32.846,34.824
1794,32.846,34.836
1795,32.846,34.848
1796,32.846,34.86
1797,32.846,34.872
1798,32.846,34.884
1799,32.846,34.896
1800,32.846,34.908
1801,32.846,34.92
1802,32.846,34.932
1803,32.846,34.944
1804,32.846,34.956
1805,32.846,34.968
1806,32.846,34.98
1807,32.846,34.992
1808,32.846,35.004
1809,32.846,35.016
1810,32.846,35.028
1811,32.846,35.04
1812,32.846,35.052
1813,32.846,35.064
1814,32.846,35.076
1815,32.846,35.088
1816,32.846,35.1
1817,32.846,35.112
1818,32.857,34.656
1819,32.857,34.668
1820,32.857,34.68
1821,32.857,34.692
1822,32.857,34.704
1823,32.857,34.716
1824,32.857,34.728
1825,32.857,34.74
1826,32.857,34.752
1827,32.857,34.764
1828,32.857,34.776
1829,32.857,34.788
1830,32.857,34.8
1831,32.857,34.812
1832,32.857,34.824
1833,32.857,34.836
1834,32.857,34.848
1835,32.857,34.86
1836,32.857,34.872
1837,32.857,34.884
1838,32.857,34.896
1839,32.857,34.908
1840,32.857,34.92
1841,32.857,34.932
1842,32.857,34.944
1843,32.857,34.956
1844,32.857,34.968
1845,32.857,34.98
1846,32.857,34.992
1847,32.857,35.004
1848,32.857,35.016
1849,32.857,35.028
1850,32.857,35.04
1851,32.857,35.052
1852,32.857,35.064
1853,32.857,35.076
1854,32.857,35.088
1855,32.857,35.1
1856,32.857,35.112
1857,32.868,34.656
1858,32.868,34.668
1859,32.868,34.68
1860,32.868,34.692
1861,32.868,34.704
1862,32.868,34.716
1863,32.868,34.728
1864,32.868,34.74
1865,32.868,34.752
1866,32.868,34.764
1867,32.868,34.776
1868,32.868,34.788
1869,32.868,34.8
1870,32.868,34.812
1871,32.868,34.824
1872,32.868,34.836
1873,32.868,34.848
1874,32.868,34.86
1875,32.868,34.872
1876,32.868,34.884
1877,32.868,34.896
1878,32.868,34.908
1879,32.868,34.92
1880,32.868,34.932
1881,32.868,34.944
1882,32.868,34.956
1883,32.868,34.968
1884,32.868,34.98
1885,32.868,34.992
1886,32.868,35.004
1887,32.868,35.016
1888,32.868,35.028
1889,32.868,35.04
1890,32.868,35.052
1891,32.868,35.064
1892,32.868,35.076
1893,32.868,35.088
1894,32.868,35.1
1895,32.868,35.112
1896,32.879,34.656
1897,32.879,34.668
1898,32.879,34.68
1899,32.879,34.692
1900,32.879,34.704
1901,32.879,34.716
1902,32.879,34.728
1903,32.879,34.74
1904,32.879,34.752
1905,32.879,34.764
1906,32.879,34.776
1907,32.879,34.788
1908,32.879,34.8
1909,32.879,34.812
1910,32.879,34.824
1911,32.879,34.836
1912,32.879,34.848
1913,32.879,34.86
1914,32.879,34.872
1915,32.879,34.884
1916,32.879,34.896
1917,32.879,34.908
1918,32.879,34.92
1919,32.879,34.932
1920,32.879,34.944
1921,32.879,34.956
1922,32.879,34.968
1923,32.879,34.98
1924,32.879,34.992
1925,32.879,35.004
1926,32.879,35.016
1927,32.879,35.028
1928,32.879,35.04
1929,32.879,35.052
1930,32.879,35.064
1931,32.879,35.076
1932,32.879,35.088
1933,32.879,35.1
1934,32.879,35.112
1935,32.89,34.644
1936,32.89,34.656
1937,32.89,34.668
1938,32.89,34.68
1939,32.89,34.692
1940,32.89,34.704
1941,32.89,34.716
1942,32.89,34.728
1943,32.89,34.74
1944,32.89,34.752
1945,32.89,34.764
1946,32.89,34.776
1947,32.89,34.788
1948,32.89,34.8
1949,32.89,34.812
1950,32.89,34.824
1951,32.89,34.836
1952,32.89,34.848
1953,32.89,34.86
1954,32.89,34.872
1955,32.89,34.884
1956,32.89,34.896
1957,32.89,34.908
1958,32.89,34.92
1959,32.89,34.932
1960,32.89,34.944
1961,32.89,34.956
1962,32.89,34.968
1963,32.89,34.98
1964,32.89,34.992
1965,32.89,35.004
1966,32.89,35.016
1967,32.89,35.028
1968,32.89,35.04
1969,32.89,35.052
1970,32.89,35.064
1971,32.89,35.076
1972,32.89,35.088
1973,32.89,35.1
1974,32.89,35.112
1975,32.901,34.632
1976,32.901,34.644
1977,32.901,34.656
1978,32.901,34.668
1979,32.901,34.68
1980,32.901,34.692
1981,32.901,34.704
1982,32.901,34.716
1983,32.901,34.728
1984,32.901,34.74
1985,32.901,34.752
1986,32.901,34.764
1987,32.901,34.776
1988,32.901,34.788
1989,32.901,34.8
1990,32.901,34.812
1991,32.901,34.824
1992,32.901,34.836
1993,32.901,34.848
1994,32.901,34.86
1995,32.901,34.872
1996,32.901,34.884
1997,32.901,34.896
1998,32.901,34.908
1999,32.901,34.92
2000,32.901,34.932
2001,32.901,34.944
2002,32.901,34.956
2003,32.901,34.968
2004,32.901,34.98
2005,32.901,34.992
2006,32.901,35.004
2007,32.901,35.016
2008,32.901,35.028
2009,32.901,35.04
2010,32.901,35.052
2011,32.901,35.064
2012,32.901,35.076
2013,32.901,35.088
2014,32.901,35.1
2015,32.901,35.112
2016,32.912,34.62
2017,32.912,34.632
2018,32.912,34.644
2019,32.912,34.656
2020,32.912,34.668
2021,32.912,34.68
2022,32.912,34.692
2023,32.912,34.704
2024,32.912,34.716
2025,32.912,34.728
2026,32.912,34.74
2027,32.912,34.752
2028,32.912,34.764
2029,32.912,34.776
2030,32.912,34.788
2031,32.912,34.8
2032,32.912,34.812
2033,32.912,34.824
2034,32.912,34.836
2035,32.912,34.848
2036,32.912,34.86
2037,32.912,34.872
2038,32.912,34.884
2039,32.912,34.896
2040,32.912,34.908
2041,32.912,34.92
2042,32.912,34.932
2043,32.912,34.944
2044,32.912,34.956
2045,32.912,34.968
2046,32.912,34.98
2047,32.912,34.992
2048,32.912,35.004
2049,32.912,35.016
2050,32.912,35.028
2051,32.912,35.04
2052,32.912,35.052
2053,32.912,35.064
2054,32.912,35.076
2055,32.912,35.088
2056,32.912,35.1
2057,32.912,35.112
2058,32.923,34.56
2059,32.923,34.572
2060,32.923,34.596
2061,32.923,34.608
2062,32.923,34.62
2063,32.923,34.632
2064,32.923,34.644
2065,32.923,34.656
2066,32.923,34.668
2067,32.923,34.68
2068,32.923,34.692
2069,32.923,34.704
2070,32.923,34.716
2071,32.923,34.728
2072,32.923,34.74
2073,32.923,34.752
2074,32.923,34.764
2075,32.923,34.776
2076,32.923,34.788
2077,32.923,34.8
2078,32.923,34.812
2079,32.923,34.824
2080,32.923,34.836
2081,32.923,34.848
2082,32.923,34.86
2083,32.923,34.872
2084,32.923,34.884
2085,32.923,34.896
2086,32.923,34.908
2087,32.923,34.92
2088,32.923,34.932
2089,32.923,34.944
2090,32.923,34.956
2091,32.923,34.968
2092,32.923,34.98
2093,32.923,34.992
2094,32.923,35.004
2095,32.923,35.016
2096,32.923,35.028
2097,32.923,35.04
2098,32.923,35.052
2099,32.923,35.064
2100,32.923,35.076
2101,32.923,35.088
2102,32.923,35.1
2103,32.923,35.112
2104,32.934,34.56
2105,32.934,34.572
2106,32.934,34.584
2107,32.934,34.596
2108,32.934,34.608
2109,32.934,34.62
2110,32.934,34.632
2111,32.934,34.644
2112,32.934,34.656
2113,32.934,34.668
2114,32.934,34.68
2115,32.934,34.692
2116,32.934,34.704
2117,32.934,34.716
2118,32.934,34.728
2119,32.934,34.74
2120,32.934,34.752
2121,32.934,34.764
2122,32.934,34.776
2123,32.934,34.788
2124,32.934,34.8
2125,32.934,34.812
2126,32.934,34.824
2127,32.934,34.836
2128,32.934,34.848
2129,32.934,34.86
2130,32.934,34.872
2131,32.934,34.884
2132,32.934,34.896
2133,32.934,34.908
2134,32.934,34.92
2135,32.934,34.932
2136,32.934,34.944
2137,32.934,34.956
2138,32.934,34.968
2139,32.934,34.98
2140,32.934,34.992
2141,32.934,35.004
2142,32.934,35.016
2143,32.934,35.028
2144,32.934,35.04
2145,32.934,35.052
2146,32.934,35.064
2147,32.934,35.076
2148,32.934,35.088
2149,32.934,35.1
2150,32.934,35.112
2151,32.945,34.56
2152,32.945,34.572
2153,32.945,34.584
2154,32.945,34.596
2155,32.945,34.608
2156,32.945,34.62
2157,32.945,34.632
2158,32.945,34.644
2159,32.945,34.656
2160,32.945,34.668
2161,32.945,34.68
2162,32.945,34.692
2163,32.945,34.704
2164,32.945,34.716
2165,32.945,34.728
2166,32.945,34.74
2167,32.945,34.752
2168,32.945,34.764
2169,32.945,34.776
2170,32.945,34.788
2171,32.945,34.8
2172,32.945,34.812
2173,32.945,34.824
2174,32.945,34.836
2175,32.945,34.848
2176,32.945,34.86
2177,32.945,34.872
2178,32.945,34.884
2179,32.945,34.896
2180,32.945,34.908
2181,32.945,34.92
2182,32.945,34.932
2183,32.945,34.944
2184,32.945,34.956
2185,32.945,34.968
2186,32.945,34.98
2187,32.945,34.992
2188,32.945,35.004
2189,32.945,35.016
2190,32.945,35.028
2191,32.945,35.04
2192,32.945,35.052
2193,32.945,35.064
2194,32.945,35.076
2195,32.945,35.088
2196,32.945,35.1
2197,32.945,35.112
2198,32.945,35.124
2199,32.956,34.56
2200,32.956,34.572
2201,32.956,34.584
2202,32.956,34.596
2203,32.956,34.608
2204,32.956,34.62
2205,32.956,34.632
2206,32.956,34.644
2207,32.956,34.656
2208,32.956,34.668
2209,32.956,34.68
2210,32.956,34.692
2211,32.956,34.704
2212,32.956,34.716
2213,32.956,34.728
2214,32.956,34.74
2215,32.956,34.752
2216,32.956,34.764
2217,32.956,34.776
2218,32.956,34.788
2219,32.956,34.8
2220,32.956,34.812
2221,32.956,34.824
2222,32.956,34.836
2223,32.956,34.848
2224,32.956,34.86
2225,32.956,34.872
2226,32.956,34.884
2227,32.956,34.896
2228,32.956,34.908
2229,32.956,34.92
2230,32.956,34.932
2231,32.956,34.944
2232,32.956,34.956
2233,32.956,34.968
2234,32.956,34.98
2235,32.956,34.992
2236,32.956,35.004
2237,32.956,35.016
2238,32.956,35.028
2239,32.956,35.04
2240,32.956,35.052
2241,32.956,35.064
2242,32.956,35.076
2243,32.956,35.088
2244,32.956,35.1
2245,32.956,35.112
2246,32.956,35.124
2247,32.956,35.136
2248,32.967,34.56
2249,32.967,34.572
2250,32.967,34.584
2251,32.967,34.596
2252,32.967,34.608
2253,32.967,34.62
2254,32.967,34.632
2255,32.967,34.644
2256,32.967,34.656
2257,32.967,34.668
2258,32.967,34.68
2259,32.967,34.692
2260,32.967,34.704
2261,32.967,34.716
2262,32.967,34.728
2263,32.967,34.74
2264,32.967,34.752
2265,32.967,34.764
2266,32.967,34.776
2267,32.967,34.788
2268,32.967,34.8
2269,32.967,34.812
2270,32.967,34.824
2271,32.967,34.836
2272,32.967,34.848
2273,32.967,34.86
2274,32.967,34.872
2275,32.967,34.884
2276,32.967,34.896
2277,32.967,34.908
2278,32.967,34.92
2279,32.967,34.932
2280,32.967,34.944
2281,32.967,34.956
2282,32.967,34.968
2283,32.967,34.98
2284,32.967,34.992
2285,32.967,35.004
2286,32.967,35.016
2287,32.967,35.028
2288,32.967,35.04
2289,32.967,35.052
2290,32.967,35.064
2291,32.967,35.076
2292,32.967,35.088
2293,32.967,35.1
2294,32.967,35.112
2295,32.967,35.124
2296,32.967,35.136
2297,32.978,34.56
2298,32.978,34.572
2299,32.978,34.584
2300,32.978,34.596
2301,32.978,34.608
2302,32.978,34.62
2303,32.978,34.632
2304,32.978,34.644
2305,32.978,34.656
2306,32.978,34.668
2307,32.978,34.68
2308,32.978,34.692
2309,32.978,34.704
2310,32.978,34.716
2311,32.978,34.728
2312,32.978,34.74
2313,32.978,34.752
2314,32.978,34.764
2315,32.978,34.776
2316,32.978,34.788
2317,32.978,34.8
2318,32.978,34.812
2319,32.978,34.824
2320,32.978,34.836
2321,32.978,34.848
2322,32.978,34.86
2323,32.978,34.872
2324,32.978,34.884
2325,32.978,34.896
2326,32.978,34.908
2327,32.978,34.92
2328,32.978,34.932
2329,32.978,34.944
2330,32.978,34.956
2331,32.978,34.968
2332,32.978,34.98
2333,32.978,34.992
2334,32.978,35.004
2335,32.978,35.016
2336,32.978,35.028
2337,32.978,35.04
2338,32.978,35.052
2339,32.978,35.064
2340,32.978,35.076
2341,32.978,35.088
2342,32.978,35.1
2343,32.978,35.112
2344,32.978,35.124
2345,32.978,35.136
2346,32.978,35.148
2347,32.989,34.56
2348,32.989,34.572
2349,32.989,34.584
2350,32.989,34.596
2351,32.989,34.608
2352,32.989,34.62
2353,32.989,34.632
2354,32.989,34.644
2355,32.989,34.656
2356,32.989,34.668
2357,32.989,34.68
2358,32.989,34.692
2359,32.989,34.704
2360,32.989,34.716
2361,32.989,34.728
2362,32.989,34.74
2363,32.989,34.752
2364,32.989,34.764
2365,32.989,34.776
2366,32.989,34.788
2367,32.989,34.8
2368,32.989,34.812
2369,32.989,34.824
2370,32.989,34.836
2371,32.989,34.848
2372,32.989,34.86
2373,32.989,34.872
2374,32.989,34.884
2375,32.989,34.896
2376,32.989,34.908
2377,32.989,34.92
2378,32.989,34.932
2379,32.989,34.944
2380,32.989,34.956
2381,32.989,34.968
2382,32.989,34.98
2383,32.989,34.992
2384,32.989,35.004
2385,32.989,35.016
2386,32.989,35.028
2387,32.989,35.04
2388,32.989,35.052
2389,32.989,35.064
2390,32.989,35.076
2391,32.989,35.088
2392,32.989,35.1
2393,32.989,35.112
2394,32.989,35.124
2395,32.989,35.136
2396,32.989,35.148
2397,32.989,35.16
2398,33,34.56
2399,33,34.572
2400,33,34.584
2401,33,34.596
2402,33,34.608
2403,33,34.62
2404,33,34.632
2405,33,34.644
2406,33,34.656
2407,33,34.668
2408,33,34.68
2409,33,34.692
2410,33,34.704
2411,33,34.716
2412,33,34.728
2413,33,34.74
2414,33,34.752
2415,33,34.764
2416,33,34.776
2417,33,34.788
2418,33,34.8
2419,33,34.812
2420,33,34.824
2421,33,34.836
2422,33,34.848
2423,33,34.86
2424,33,34.872
2425,33,34.884
2426,33,34.896
2427,33,34.908
2428,33,34.92
2429,33,34.932
2430,33,34.944
2431,33,34.956
2432,33,34.968
2433,33,34.98
2434,33,34.992
2435,33,35.004
2436,33,35.016
2437,33,35.028
2438,33,35.04
2439,33,35.052
2440,33,35.064
2441,33,35.076
2442,33,35.088
2443,33,35.1
2444,33,35.112
2445,33,35.124
2446,33,35.136
2447,33,35.148
2448,33,35.16
2449,33.011,34.56
2450,33.011,34.572
2451,33.011,34.584
2452,33.011,34.596
2453,33.011,34.608
2454,33.011,34.62
2455,33.011,34.632
2456,33.011,34.644
2457,33.011,34.656
2458,33.011,34.668
2459,33.011,34.68
2460,33.011,34.692
2461,33.011,34.704
2462,33.011,34.716
2463,33.011,34.728
2464,33.011,34.74
2465,33.011,34.752
2466,33.011,34.764
2467,33.011,34.776
2468,33.011,34.788
2469,33.011,34.8
2470,33.011,34.812
2471,33.011,34.824
2472,33.011,34.836
2473,33.011,34.848
2474,33.011,34.86
2475,33.011,34.872
2476,33.011,34.884
2477,33.011,34.896
2478,33.011,34.908
2479,33.011,34.92
2480,33.011,34.932
2481,33.011,34.944
2482,33.011,34.956
2483,33.011,34.968
2484,33.011,34.98
2485,33.011,34.992
2486,33.011,35.004
2487,33.011,35.016
2488,33.011,35.028
2489,33.011,35.04
2490,33.011,35.052
2491,33.011,35.064
2492,33.011,35.076
2493,33.011,35.088
2494,33.011,35.1
2495,33.011,35.112
2496,33.011,35.124
2497,33.011,35.136
2498,33.011,35.148
2499,33.011,35.16
2500,33.011,35.172
2501,33.022,34.56
2502,33.022,34.572
2503,33.022,34.584
2504,33.022,34.644
2505,33.022,34.656
2506,33.022,34.668
2507,33.022,34.68
2508,33.022,34.692
2509,33.022,34.704
2510,33.022,34.716
2511,33.022,34.728
2512,33.022,34.74
2513,33.022,34.752
2514,33.022,34.764
2515,33.022,34.776
2516,33.022,34.788
2517,33.022,34.8
2518,33.022,34.812
2519,33.022,34.824
2520,33.022,34.836
2521,33.022,34.848
2522,33.022,34.86
2523,33.022,34.872
2524,33.022,34.884
2525,33.022,34.896
2526,33.022,34.908
2527,33.022,34.92
2528,33.022,34.932
2529,33.022,34.944
2530,33.022,34.956
2531,33.022,34.968
2532,33.022,34.98
2533,33.022,34.992
2534,33.022,35.004
2535,33.022,35.016
2536,33.022,35.028
2537,33.022,35.04
2538,33.022,35.052
2539,33.022,35.064
2540,33.022,35.076
2541,33.022,35.088
2542,33.022,35.1
2543,33.022,35.112
2544,33.022,35.124
2545,33.022,35.136
2546,33.022,35.148
2547,33.022,35.16
2548,33.022,35.172
2549,33.033,34.56
2550,33.033,34.572
2551,33.033,34.644
2552,33.033,34.656
2553,33.033,34.668
2554,33.033,34.68
2555,33.033,34.692
2556,33.033,34.704
2557,33.033,34.716
2558,33.033,34.728
2559,33.033,34.74
2560,33.033,34.752
2561,33.033,34.764
2562,33.033,34.776
2563,33.033,34.788
2564,33.033,34.8
2565,33.033,34.812
2566,33.033,34.824
2567,33.033,34.836
2568,33.033,34.848
2569,33.033,34.86
2570,33.033,34.872
2571,33.033,34.884
2572,33.033,34.896
2573,33.033,34.908
2574,33.033,34.92
2575,33.033,34.932
2576,33.033,34.944
2577,33.033,34.956
2578,33.033,34.968
2579,33.033,34.98
2580,33.033,34.992
2581,33.033,35.004
2582,33.033,35.016
2583,33.033,35.028
2584,33.033,35.04
2585,33.033,35.052
2586,33.033,35.064
2587,33.033,35.076
2588,33.033,35.088
2589,33.033,35.1
2590,33.033,35.112
2591,33.033,35.124
2592,33.033,35.136
2593,33.033,35.148
2594,33.033,35.16
2595,33.033,35.172
2596,33.044,34.668
2597,33.044,34.68
2598,33.044,34.692
2599,33.044,34.704
2600,33.044,34.716
2601,33.044,34.728
2602,33.044,34.74
2603,33.044,34.752
2604,33.044,34.764
2605,33.044,34.776
2606,33.044,34.788
2607,33.044,34.8
2608,33.044,34.812
2609,33.044,34.824
2610,33.044,34.836
2611,33.044,34.848
2612,33.044,34.86
2613,33.044,34.872
2614,33.044,34.884
2615,33.044,34.896
2616,33.044,34.908
2617,33.044,34.92
2618,33.044,34.932
2619,33.044,34.944
2620,33.044,34.956
2621,33.044,34.968
2622,33.044,34.98
2623,33.044,34.992
2624,33.044,35.004
2625,33.044,35.016
2626,33.044,35.028
2627,33.044,35.04
2628,33.044,35.052
2629,33.044,35.064
2630,33.044,35.076
2631,33.044,35.088
2632,33.044,35.1
2633,33.044,35.112
2634,33.044,35.124
2635,33.044,35.136
2636,33.044,35.148
2637,33.044,35.16
2638,33.044,35.172
2639,33.055,34.668
2640,33.055,34.68
2641,33.055,34.692
2642,33.055,34.704
2643,33.055,34.716
2644,33.055,34.728
2645,33.055,34.74
2646,33.055,34.752
2647,33.055,34.764
2648,33.055,34.776
2649,33.055,34.788
2650,33.055,34.8
2651,33.055,34.812
2652,33.055,34.824
2653,33.055,34.836
2654,33.055,34.848
2655,33.055,34.86
2656,33.055,34.872
2657,33.055,34.884
2658,33.055,34.896
2659,33.055,34.908
2660,33.055,34.92
2661,33.055,34.932
2662,33.055,34.944
2663,33.055,34.956
2664,33.055,34.968
2665,33.055,34.98
2666,33.055,34.992
2667,33.055,35.004
2668,33.055,35.016
2669,33.055,35.028
2670,33.055,35.04
2671,33.055,35.052
2672,33.055,35.064
2673,33.055,35.076
2674,33.055,35.088
2675,33.055,35.1
2676,33.055,35.112
2677,33.055,35.124
2678,33.055,35.136
2679,33.055,35.148
2680,33.055,35.16
2681,33.055,35.172
2682,33.066,34.68
2683,33.066,34.692
2684,33.066,34.704
2685,33.066,34.716
2686,33.066,34.728
2687,33.066,34.74
2688,33.066,34.752
2689,33.066,34.764
2690,33.066,34.776
2691,33.066,34.788
2692,33.066,34.8
2693,33.066,34.812
2694,33.066,34.824
2695,33.066,34.836
2696,33.066,34.848
2697,33.066,34.86
2698,33.066,34.872
2699,33.066,34.884
2700,33.066,34.896
2701,33.066,34.908
2702,33.066,34.92
2703,33.066,34.932
2704,33.066,34.944
2705,33.066,34.956
2706,33.066,34.968
2707,33.066,34.98
2708,33.066,34.992
2709,33.066,35.004
2710,33.066,35.016
2711,33.066,35.028
2712,33.066,35.04
2713,33.066,35.052
2714,33.066,35.064
2715,33.066,35.076
2716,33.066,35.088
2717,33.066,35.1
2718,33.066,35.112
2719,33.066,35.124
2720,33.066,35.136
2721,33.066,35.148
2722,33.066,35.16
2723,33.066,35.172
2724,33.066,35.184
2725,33.077,34.692
2726,33.077,34.704
2727,33.077,34.716
2728,33.077,34.728
2729,33.077,34.74
2730,33.077,34.752
2731,33.077,34.764
2732,33.077,34.776
2733,33.077,34.788
2734,33.077,34.8
2735,33.077,34.812
2736,33.077,34.824
2737,33.077,34.836
2738,33.077,34.848
2739,33.077,34.86
2740,33.077,34.872
2741,33.077,34.884
2742,33.077,34.896
2743,33.077,34.908
2744,33.077,34.92
2745,33.077,34.932
2746,33.077,34.944
2747,33.077,34.956
2748,33.077,34.968
2749,33.077,34.98
2750,33.077,34.992
2751,33.077,35.004
2752,33.077,35.016
2753,33.077,35.028
2754,33.077,35.04
2755,33.077,35.052
2756,33.077,35.064
2757,33.077,35.076
2758,33.077,35.088
2759,33.077,35.1
2760,33.077,35.112
2761,33.077,35.124
2762,33.077,35.136
2763,33.077,35.148
2764,33.077,35.16
2765,33.077,35.172
2766,33.077,35.184
2767,33.088,34.692
2768,33.088,34.704
2769,33.088,34.716
2770,33.088,34.728
2771,33.088,34.74
2772,33.088,34.752
2773,33.088,34.764
2774,33.088,34.776
2775,33.088,34.788
2776,33.088,34.8
2777,33.088,34.812
2778,33.088,34.824
2779,33.088,34.836
2780,33.088,34.848
2781,33.088,34.86
2782,33.088,34.872
2783,33.088,34.884
2784,33.088,34.896
2785,33.088,34.908
2786,33.088,34.92
2787,33.088,34.932
2788,33.088,34.944
2789,33.088,34.956
2790,33.088,34.968
2791,33.088,34.98
2792,33.088,34.992
2793,33.088,35.004
2794,33.088,35.016
2795,33.088,35.028
2796,33.088,35.04
2797,33.088,35.052
2798,33.088,35.064
2799,33.088,35.076
2800,33.088,35.088
2801,33.088,35.1
2802,33.088,35.112
2803,33.088,35.124
2804,33.088,35.136
2805,33.088,35.148
2806,33.088,35.16
2807,33.088,35.172
2808,33.088,35.184
2809,33.099,34.704
2810,33.099,34.716
2811,33.099,34.728
2812,33.099,34.74
2813,33.099,34.752
2814,33.099,34.764
2815,33.099,34.776
2816,33.099,34.788
2817,33.099,34.8
2818,33.099,34.812
2819,33.099,34.824
2820,33.099,34.836
2821,33.099,34.848
2822,33.099,34.86
2823,33.099,34.872
2824,33.099,34.884
2825,33.099,34.896
2826,33.099,34.908
2827,33.099,34.92
2828,33.099,34.932
2829,33.099,34.944
2830,33.099,34.956
2831,33.099,34.968
2832,33.099,34.98
2833,33.099,34.992
2834,33.099,35.004
2835,33.099,35.016
2836,33.099,35.028
2837,33.099,35.04
2838,33.099,35.052
2839,33.099,35.064
2840,33.099,35.076
2841,33.099,35.088
2842,33.099,35.1
2843,33.099,35.112
2844,33.099,35.124
2845,33.099,35.136
2846,33.099,35.148
2847,33.099,35.16
2848,33.099,35.172
2849,33.099,35.184
2850,33.11,34.704
2851,33.11,34.716
2852,33.11,34.728
2853,33.11,34.74
2854,33.11,34.752
2855,33.11,34.764
2856,33.11,34.776
2857,33.11,34.788
2858,33.11,34.8
2859,33.11,34.812
2860,33.11,34.824
2861,33.11,34.836
2862,33.11,34.848
2863,33.11,34.86
2864,33.11,34.872
2865,33.11,34.884
2866,33.11,34.896
2867,33.11,34.908
2868,33.11,34.92
2869,33.11,34.932
2870,33.11,34.944
2871,33.11,34.956
2872,33.11,34.968
2873,33.11,34.98
2874,33.11,34.992
2875,33.11,35.004
2876,33.11,35.016
2877,33.11,35.028
2878,33.11,35.04
2879,33.11,35.052
2880,33.11,35.064
2881,33.11,35.076
2882,33.11,35.088
2883,33.11,35.1
2884,33.11,35.112
2885,33.11,35.124
2886,33.11,35.136
2887,33.11,35.148
2888,33.11,35.16
2889,33.11,35.172
2890,33.11,35.184
2891,33.121,34.704
2892,33.121,34.716
2893,33.121,34.728
2894,33.121,34.74
2895,33.121,34.752
2896,33.121,34.764
2897,33.121,34.776
2898,33.121,34.788
2899,33.121,34.8
2900,33.121,34.812
2901,33.121,34.824
2902,33.121,34.836
2903,33.121,34.848
2904,33.121,34.86
2905,33.121,34.872
2906,33.121,34.884
2907,33.121,34.896
2908,33.121,34.908
2909,33.121,34.92
2910,33.121,34.932
2911,33.121,34.944
2912,33.121,34.956
2913,33.121,34.968
2914,33.121,34.98
2915,33.121,34.992
2916,33.121,35.004
2917,33.121,35.016
2918,33.121,35.028
2919,33.121,35.04
2920,33.121,35.052
2921,33.121,35.064
2922,33.121,35.076
2923,33.121,35.088
2924,33.121,35.1
2925,33.121,35.112
2926,33.121,35.124
2927,33.121,35.136
2928,33.121,35.148
2929,33.121,35.16
2930,33.121,35.172
2931,33.121,35.184
2932,33.121,35.196
2933,33.132,34.704
2934,33.132,34.716
2935,33.132,34.728
2936,33.132,34.74
2937,33.132,34.752
2938,33.132,34.764
2939,33.132,34.776
2940,33.132,34.788
2941,33.132,34.8
2942,33.132,34.812
2943,33.132,34.824
2944,33.132,34.836
2945,33.132,34.848
2946,33.132,34.86
2947,33.132,34.872
2948,33.132,34.884
2949,33.132,34.896
2950,33.132,34.908
2951,33.132,34.92
2952,33.132,34.932
2953,33.132,34.944
2954,33.132,34.956
2955,33.132,34.968
2956,33.132,34.98
2957,33.132,34.992
2958,33.132,35.004
2959,33.132,35.016
2960,33.132,35.028
2961,33.132,35.04
2962,33.132,35.052
2963,33.132,35.064
2964,33.132,35.076
2965,33.132,35.088
2966,33.132,35.1
2967,33.132,35.112
2968,33.132,35.124
2969,33.132,35.136
2970,33.132,35.148
2971,33.132,35.16
2972,33.132,35.172
2973,33.132,35.184
2974,33.132,35.196
2975,33.143,34.704
2976,33.143,34.716
2977,33.143,34.728
2978,33.143,34.74
2979,33.143,34.752
2980,33.143,34.764
2981,33.143,34.776
2982,33.143,34.788
2983,33.143,34.8
2984,33.143,34.812
2985,33.143,34.824
2986,33.143,34.836
2987,33.143,34.848
2988,33.143,34.86
2989,33.143,34.872
2990,33.143,34.884
2991,33.143,34.896
2992,33.143,34.908
2993,33.143,34.92
2994,33.143,34.932
2995,33.143,34.944
2996,33.143,34.956
2997,33.143,34.968
2998,33.143,34.98
2999,33.143,34.992
3000,33.143,35.004
3001,33.143,35.016
3002,33.143,35.028
3003,33.143,35.04
3004,33.143,35.052
3005,33.143,35.064
3006,33.143,35.076
3007,33.143,35.088
3008,33.143,35.1
3009,33.143,35.112
3010,33.143,35.124
3011,33.143,35.136
3012,33.143,35.148
3013,33.143,35.16
3014,33.143,35.172
3015,33.143,35.184
3016,33.143,35.196
3017,33.154,34.704
3018,33.154,34.716
3019,33.154,34.728
3020,33.154,34.74
3021,33.154,34.752
3022,33.154,34.764
3023,33.154,34.776
3024,33.154,34.788
3025,33.154,34.8
3026,33.154,34.812
3027,33.154,34.824
3028,33.154,34.836
3029,33.154,34.848
3030,33.154,34.86
3031,33.154,34.872
3032,33.154,34.884
3033,33.154,34.896
3034,33.154,34.908
3035,33.154,34.92
3036,33.154,34.932
3037,33.154,34.944
3038,33.154,34.956
3039,33.154,34.968
3040,33.154,34.98
3041,33.154,34.992
3042,33.154,35.004
3043,33.154,35.016
3044,33.154,35.028
3045,33.154,35.04
3046,33.154,35.052
3047,33.154,35.064
3048,33.154,35.076
3049,33.154,35.088
3050,33.154,35.1
3051,33.154,35.112
3052,33.154,35.124
3053,33.154,35.136
3054,33.154,35.148
3055,33.154,35.16
3056,33.154,35.172
3057,33.154,35.184
3058,33.154,35.196
3059,33.165,34.716
3060,33.165,34.728
3061,33.165,34.74
3062,33.165,34.752
3063,33.165,34.764
3064,33.165,34.776
3065,33.165,34.788
3066,33.165,34.8
3067,33.165,34.812
3068,33.165,34.824
3069,33.165,34.836
3070,33.165,34.848
3071,33.165,34.86
3072,33.165,34.872
3073,33.165,34.884
3074,33.165,34.896
3075,33.165,34.908
3076,33.165,34.92
3077,33.165,34.932
3078,33.165,34.944
3079,33.165,34.956
3080,33.165,34.968
3081,33.165,34.98
3082,33.165,34.992
3083,33.165,35.004
3084,33.165,35.016
3085,33.165,35.028
3086,33.165,35.04
3087,33.165,35.052
3088,33.165,35.064
3089,33.165,35.076
3090,33.165,35.088
3091,33.165,35.1
3092,33.165,35.112
3093,33.165,35.124
3094,33.165,35.136
3095,33.165,35.148
3096,33.165,35.16
3097,33.165,35.172
3098,33.165,35.184
3099,33.165,35.196
3100,33.176,34.716
3101,33.176,34.728
3102,33.176,34.74
3103,33.176,34.752
3104,33.176,34.764
3105,33.176,34.776
3106,33.176,34.788
3107,33.176,34.8
3108,33.176,34.812
3109,33.176,34.824
3110,33.176,34.836
3111,33.176,34.848
3112,33.176,34.86
3113,33.176,34.872
3114,33.176,34.884
3115,33.176,34.896
3116,33.176,34.908
3117,33.176,34.92
3118,33.176,34.932
3119,33.176,34.944
3120,33.176,34.956
3121,33.176,34.968
3122,33.176,34.98
3123,33.176,34.992
3124,33.176,35.004
3125,33.176,35.016
3126,33.176,35.028
3127,33.176,35.04
3128,33.176,35.052
3129,33.176,35.064
3130,33.176,35.076
3131,33.176,35.088
3132,33.176,35.1
3133,33.176,35.112
3134,33.176,35.124
3135,33.176,35.136
3136,33.176,35.148
3137,33.176,35.16
3138,33.176,35.172
3139,33.176,35.184
3140,33.176,35.196
3141,33.187,34.704
3142,33.187,34.716
3143,33.187,34.728
3144,33.187,34.74
3145,33.187,34.752
3146,33.187,34.764
3147,33.187,34.776
3148,33.187,34.788
3149,33.187,34.8
3150,33.187,34.812
3151,33.187,34.824
3152,33.187,34.836
3153,33.187,34.848
3154,33.187,34.86
3155,33.187,34.872
3156,33.187,34.884
3157,33.187,34.896
3158,33.187,34.908
3159,33.187,34.92
3160,33.187,34.932
3161,33.187,34.944
3162,33.187,34.956
3163,33.187,34.968
3164,33.187,34.98
3165,33.187,34.992
3166,33.187,35.004
3167,33.187,35.016
3168,33.187,35.028
3169,33.187,35.04
3170,33.187,35.052
3171,33.187,35.064
3172,33.187,35.076
3173,33.187,35.088
3174,33.187,35.1
3175,33.187,35.112
3176,33.187,35.124
3177,33.187,35.136
3178,33.187,35.148
3179,33.187,35.16
3180,33.187,35.172
3181,33.187,35.184
3182,33.187,35.196
3183,33.198,34.704
3184,33.198,34.716
3185,33.198,34.728
3186,33.198,34.74
3187,33.198,34.752
3188,33.198,34.764
3189,33.198,34.776
3190,33.198,34.788
3191,33.198,34.8
3192,33.198,34.812
3193,33.198,34.824
3194,33.198,34.836
3195,33.198,34.848
3196,33.198,34.86
3197,33.198,34.872
3198,33.198,34.884
3199,33.198,34.896
3200,33.198,34.908
3201,33.198,34.92
3202,33.198,34.932
3203,33.198,34.944
3204,33.198,34.956
3205,33.198,34.968
3206,33.198,34.98
3207,33.198,34.992
3208,33.198,35.004
3209,33.198,35.016
3210,33.198,35.028
3211,33.198,35.04
3212,33.198,35.052
3213,33.198,35.064
3214,33.198,35.076
3215,33.198,35.088
3216,33.198,35.1
3217,33.198,35.112
3218,33.198,35.124
3219,33.198,35.136
3220,33.198,35.148
3221,33.198,35.16
3222,33.198,35.172
3223,33.198,35.184
3224,33.198,35.196
3225,33.209,34.704
3226,33.209,34.716
3227,33.209,34.728
3228,33.209,34.74
3229,33.209,34.752
3230,33.209,34.764
3231,33.209,34.776
3232,33.209,34.788
3233,33.209,34.8
3234,33.209,34.812
3235,33.209,34.824
3236,33.209,34.836
3237,33.209,34.848
3238,33.209,34.86
3239,33.209,34.872
3240,33.209,34.884
3241,33.209,34.896
3242,33.209,34.908
3243,33.209,34.92
3244,33.209,34.932
3245,33.209,34.944
3246,33.209,34.956
3247,33.209,34.968
3248,33.209,34.98
3249,33.209,34.992
3250,33.209,35.004
3251,33.209,35.016
3252,33.209,35.028
3253,33.209,35.04
3254,33.209,35.052
3255,33.209,35.064
3256,33.209,35.076
3257,33.209,35.088
3258,33.209,35.1
3259,33.209,35.112
3260,33.209,35.124
3261,33.209,35.136
3262,33.209,35.148
3263,33.209,35.16
3264,33.209,35.172
3265,33.209,35.184
3266,33.209,35.196
3267,33.22,34.704
3268,33.22,34.716
3269,33.22,34.728
3270,33.22,34.74
3271,33.22,34.752
3272,33.22,34.764
3273,33.22,34.776
3274,33.22,34.788
3275,33.22,34.8
3276,33.22,34.812
3277,33.22,34.824
3278,33.22,34.836
3279,33.22,34.848
3280,33.22,34.86
3281,33.22,34.872
3282,33.22,34.884
3283,33.22,34.896
3284,33.22,34.908
3285,33.22,34.92
3286,33.22,34.932
3287,33.22,34.944
3288,33.22,34.956
3289,33.22,34.968
3290,33.22,34.98
3291,33.22,34.992
3292,33.22,35.004
3293,33.22,35.016
3294,33.22,35.028
3295,33.22,35.04
3296,33.22,35.052
3297,33.22,35.064
3298,33.22,35.076
3299,33.22,35.088
3300,33.22,35.1
3301,33.22,35.112
3302,33.22,35.124
3303,33.22,35.136
3304,33.22,35.148
3305,33.22,35.16
3306,33.22,35.172
3307,33.22,35.184
3308,33.22,35.196
3309,33.231,34.704
3310,33.231,34.716
3311,33.231,34.728
3312,33.231,34.74
3313,33.231,34.752
3314,33.231,34.764
3315,33.231,34.776
3316,33.231,34.788
3317,33.231,34.8
3318,33.231,34.812
3319,33.231,34.824
3320,33.231,34.836
3321,33.231,34.848
3322,33.231,34.86
3323,33.231,34.872
3324,33.231,34.884
3325,33.231,34.896
3326,33.231,34.908
3327,33.231,34.92
3328,33.231,34.932
3329,33.231,34.944
3330,33.231,34.956
3331,33.231,34.968
3332,33.231,34.98
3333,33.231,34.992
3334,33.231,35.004
3335,33.231,35.016
3336,33.231,35.028
3337,33.231,35.04
3338,33.231,35.052
3339,33.231,35.064
3340,33.231,35.076
3341,33.231,35.088
3342,33.231,35.1
3343,33.231,35.112
3344,33.231,35.124
3345,33.231,35.136
3346,33.231,35.148
3347,33.231,35.16
3348,33.231,35.172
3349,33.231,35.184
3350,33.242,34.704
3351,33.242,34.716
3352,33.242,34.728
3353,33.242,34.74
3354,33.242,34.752
3355,33.242,34.764
3356,33.242,34.776
3357,33.242,34.788
3358,33.242,34.8
3359,33.242,34.812
3360,33.242,34.824
3361,33.242,34.836
3362,33.242,34.848
3363,33.242,34.86
3364,33.242,34.872
3365,33.242,34.884
3366,33.242,34.896
3367,33.242,34.908
3368,33.242,34.92
3369,33.242,34.932
3370,33.242,34.944
3371,33.242,34.956
3372,33.242,34.968
3373,33.242,34.98
3374,33.242,34.992
3375,33.242,35.004
3376,33.242,35.016
3377,33.242,35.028
3378,33.242,35.04
3379,33.242,35.052
3380,33.242,35.064
3381,33.242,35.076
3382,33.242,35.088
3383,33.242,35.1
3384,33.242,35.112
3385,33.242,35.124
3386,33.242,35.136
3387,33.242,35.148
3388,33.242,35.16
3389,33.242,35.172
3390,33.242,35.184
3391,33.253,34.704
3392,33.253,34.716
3393,33.253,34.728
3394,33.253,34.74
3395,33.253,34.752
3396,33.253,34.764
3397,33.253,34.776
3398,33.253,34.788
3399,33.253,34.8
3400,33.253,34.812
3401,33.253,34.824
3402,33.253,34.836
3403,33.253,34.848
3404,33.253,34.86
3405,33.253,34.872
3406,33.253,34.884
3407,33.253,34.896
3408,33.253,34.908
3409,33.253,34.92
3410,33.253,34.932
3411,33.253,34.944
3412,33.253,34.956
3413,33.253,34.968
3414,33.253,34.98
3415,33.253,34.992
3416,33.253,35.004
3417,33.253,35.016
3418,33.253,35.028
3419,33.253,35.04
3420,33.253,35.052
3421,33.253,35.064
3422,33.253,35.076
3423,33.253,35.088
3424,33.253,35.1
3425,33.253,35.112
3426,33.253,35.124
3427,33.253,35.136
3428,33.253,35.148
3429,33.253,35.16
3430,33.253,35.172
3431,33.253,35.184
3432,33.264,34.704
3433,33.264,34.716
3434,33.264,34.728
3435,33.264,34.74
3436,33.264,34.752
3437,33.264,34.764
3438,33.264,34.776
3439,33.264,34.788
3440,33.264,34.8
3441,33.264,34.812
3442,33.264,34.824
3443,33.264,34.836
3444,33.264,34.848
3445,33.264,34.86
3446,33.264,34.872
3447,33.264,34.884
3448,33.264,34.896
3449,33.264,34.908
3450,33.264,34.92
3451,33.264,34.932
3452,33.264,34.944
3453,33.264,34.956
3454,33.264,34.968
3455,33.264,34.98
3456,33.264,34.992
3457,33.264,35.004
3458,33.264,35.016
3459,33.264,35.028
3460,33.264,35.04
3461,33.264,35.052
3462,33.264,35.064
3463,33.264,35.076
3464,33.264,35.088
3465,33.264,35.1
3466,33.264,35.112
3467,33.264,35.124
3468,33.264,35.136
3469,33.264,35.148
3470,33.264,35.16
3471,33.264,35.172
3472,33.264,35.184
3473,33.275,34.704
3474,33.275,34.716
3475,33.275,34.728
3476,33.275,34.74
3477,33.275,34.752
3478,33.275,34.764
3479,33.275,34.776
3480,33.275,34.788
3481,33.275,34.8
3482,33.275,34.812
3483,33.275,34.824
3484,33.275,34.836
3485,33.275,34.848
3486,33.275,34.86
3487,33.275,34.872
3488,33.275,34.884
3489,33.275,34.896
3490,33.275,34.908
3491,33.275,34.92
3492,33.275,34.932
3493,33.275,34.944
3494,33.275,34.956
3495,33.275,34.968
3496,33.275,34.98
3497,33.275,34.992
3498,33.275,35.004
3499,33.275,35.016
3500,33.275,35.028
3501,33.275,35.04
3502,33.275,35.052
3503,33.275,35.064
3504,33.275,35.076
3505,33.275,35.088
3506,33.275,35.1
3507,33.275,35.112
3508,33.275,35.124
3509,33.275,35.136
3510,33.275,35.148
3511,33.275,35.16
3512,33.275,35.172
3513,33.275,35.184
3514,33.286,34.716
3515,33.286,34.728
3516,33.286,34.74
3517,33.286,34.752
3518,33.286,34.764
3519,33.286,34.776
3520,33.286,34.788
3521,33.286,34.8
3522,33.286,34.812
3523,33.286,34.824
3524,33.286,34.836
3525,33.286,34.848
3526,33.286,34.86
3527,33.286,34.872
3528,33.286,34.884
3529,33.286,34.896
3530,33.286,34.908
3531,33.286,34.92
3532,33.286,34.932
3533,33.286,34.944
3534,33.286,34.956
3535,33.286,34.968
3536,33.286,34.98
3537,33.286,34.992
3538,33.286,35.004
3539,33.286,35.016
3540,33.286,35.028
3541,33.286,35.04
3542,33.286,35.052
3543,33.286,35.064
3544,33.286,35.076
3545,33.286,35.088
3546,33.286,35.1
3547,33.286,35.112
3548,33.286,35.124
3549,33.286,35.136
3550,33.286,35.148
3551,33.286,35.16
3552,33.286,35.172
3553,33.286,35.184
3554,33.297,34.728
3555,33.297,34.74
3556,33.297,34.752
3557,33.297,34.764
3558,33.297,34.776
3559,33.297,34.788
3560,33.297,34.8
3561,33.297,34.812
3562,33.297,34.824
3563,33.297,34.836
3564,33.297,34.848
3565,33.297,34.86
3566,33.297,34.872
3567,33.297,34.884
3568,33.297,34.896
3569,33.297,34.908
3570,33.297,34.92
3571,33.297,34.932
3572,33.297,34.944
3573,33.297,34.956
3574,33.297,34.968
3575,33.297,34.98
3576,33.297,34.992
3577,33.297,35.004
3578,33.297,35.016
3579,33.297,35.028
3580,33.297,35.04
3581,33.297,35.052
3582,33.297,35.064
3583,33.297,35.076
3584,33.297,35.088
3585,33.297,35.1
3586,33.297,35.112
3587,33.297,35.124
3588,33.297,35.136
3589,33.297,35.148
3590,33.297,35.16
3591,33.297,35.172
3592,33.297,35.184
3593,33.308,34.716
3594,33.308,34.728
3595,33.308,34.74
3596,33.308,34.752
3597,33.308,34.764
3598,33.308,34.776
3599,33.308,34.788
3600,33.308,34.8
3601,33.308,34.812
3602,33.308,34.824
3603,33.308,34.836
3604,33.308,34.848
3605,33.308,34.86
3606,33.308,34.872
3607,33.308,34.884
3608,33.308,34.896
3609,33.308,34.908
3610,33.308,34.92
3611,33.308,34.932
3612,33.308,34.944
3613,33.308,34.956
3614,33.308,34.968
3615,33.308,34.98
3616,33.308,34.992
3617,33.308,35.004
3618,33.308,35.016
3619,33.308,35.028
3620,33.308,35.04
3621,33.308,35.052
3622,33.308,35.064
3623,33.308,35.076
3624,33.308,35.088
3625,33.308,35.1
3626,33.308,35.112
3627,33.308,35.124
3628,33.308,35.136
3629,33.308,35.148
3630,33.308,35.16
3631,33.308,35.172
3632,33.308,35.184
3633,33.308,35.196
3634,33.319,34.716
3635,33.319,34.728
3636,33.319,34.74
3637,33.319,34.752
3638,33.319,34.764
3639,33.319,34.776
3640,33.319,34.788
3641,33.319,34.8
3642,33.319,34.812
3643,33.319,34.824
3644,33.319,34.836
3645,33.319,34.848
3646,33.319,34.86
3647,33.319,34.872
3648,33.319,34.884
3649,33.319,34.896
3650,33.319,34.908
3651,33.319,34.92
3652,33.319,34.932
3653,33.319,34.944
3654,33.319,34.956
3655,33.319,34.968
3656,33.319,34.98
3657,33.319,34.992
3658,33.319,35.004
3659,33.319,35.016
3660,33.319,35.028
3661,33.319,35.04
3662,33.319,35.052
3663,33.319,35.064
3664,33.319,35.076
3665,33.319,35.088
3666,33.319,35.1
3667,33.319,35.112
3668,33.319,35.124
3669,33.319,35.136
3670,33.319,35.148
3671,33.319,35.16
3672,33.319,35.172
3673,33.319,35.184
3674,33.319,35.196
3675,33.33,34.716
3676,33.33,34.728
3677,33.33,34.74
3678,33.33,34.752
3679,33.33,34.764
3680,33.33,34.776
3681,33.33,34.788
3682,33.33,34.8
3683,33.33,34.812
3684,33.33,34.824
3685,33.33,34.836
3686,33.33,34.848
3687,33.33,34.86
3688,33.33,34.872
3689,33.33,34.884
3690,33.33,34.896
3691,33.33,34.908
3692,33.33,34.92
3693,33.33,34.932
3694,33.33,34.944
3695,33.33,34.956
3696,33.33,34.968
3697,33.33,34.98
3698,33.33,34.992
3699,33.33,35.004
3700,33.33,35.016
3701,33.33,35.028
3702,33.33,35.04
3703,33.33,35.052
3704,33.33,35.064
3705,33.33,35.076
3706,33.33,35.088
3707,33.33,35.1
3708,33.33,35.112
3709,33.33,35.124
3710,33.33,35.136
3711,33.33,35.148
3712,33.33,35.16
3713,33.33,35.172
3714,33.33,35.184
3715,33.33,35.196
3716,33.341,34.728
3717,33.341,34.74
3718,33.341,34.752
3719,33.341,34.764
3720,33.341,34.776
3721,33.341,34.788
3722,33.341,34.8
3723,33.341,34.812
3724,33.341,34.824
3725,33.341,34.836
3726,33.341,34.848
3727,33.341,34.86
3728,33.341,34.872
3729,33.341,34.884
3730,33.341,34.896
3731,33.341,34.908
3732,33.341,34.92
3733,33.341,34.932
3734,33.341,34.944
3735,33.341,34.956
3736,33.341,34.968
3737,33.341,34.98
3738,33.341,34.992
3739,33.341,35.004
3740,33.341,35.016
3741,33.341,35.028
3742,33.341,35.04
3743,33.341,35.052
3744,33.341,35.064
3745,33.341,35.076
3746,33.341,35.088
3747,33.341,35.1
3748,33.341,35.112
3749,33.341,35.124
3750,33.341,35.136
3751,33.341,35.148
3752,33.341,35.16
3753,33.341,35.172
3754,33.341,35.184
3755,33.341,35.196
3756,33.352,34.728
3757,33.352,34.74
3758,33.352,34.752
3759,33.352,34.764
3760,33.352,34.776
3761,33.352,34.788
3762,33.352,34.8
3763,33.352,34.812
3764,33.352,34.824
3765,33.352,34.836
3766,33.352,34.848
3767,33.352,34.86
3768,33.352,34.872
3769,33.352,34.884
3770,33.352,34.896
3771,33.352,34.908
3772,33.352,34.92
3773,33.352,34.932
3774,33.352,34.944
3775,33.352,34.956
3776,33.352,34.968
3777,33.352,34.98
3778,33.352,34.992
3779,33.352,35.004
3780,33.352,35.016
3781,33.352,35.028
3782,33.352,35.04
3783,33.352,35.052
3784,33.352,35.064
3785,33.352,35.076
3786,33.352,35.088
3787,33.352,35.1
3788,33.352,35.112
3789,33.352,35.124
3790,33.352,35.136
3791,33.352,35.148
3792,33.352,35.16
3793,33.352,35.172
3794,33.352,35.184
3795,33.352,35.196
3796,33.363,34.728
3797,33.363,34.74
3798,33.363,34.752
3799,33.363,34.764
3800,33.363,34.776
3801,33.363,34.788
3802,33.363,34.8
3803,33.363,34.812
3804,33.363,34.824
3805,33.363,34.836
3806,33.363,34.848
3807,33.363,34.86
3808,33.363,34.872
3809,33.363,34.884
3810,33.363,34.896
3811,33.363,34.908
3812,33.363,34.92
3813,33.363,34.932
3814,33.363,34.944
3815,33.363,34.956
3816,33.363,34.968
3817,33.363,34.98
3818,33.363,34.992
3819,33.363,35.004
3820,33.363,35.016
3821,33.363,35.028
3822,33.363,35.04
3823,33.363,35.052
3824,33.363,35.064
3825,33.363,35.076
3826,33.363,35.088
3827,33.363,35.1
3828,33.363,35.112
3829,33.363,35.124
3830,33.363,35.136
3831,33.363,35.148
3832,33.363,35.16
3833,33.363,35.172
3834,33.363,35.184
3835,33.363,35.196
3836,33.374,34.728
3837,33.374,34.74
3838,33.374,34.752
3839,33.374,34.764
3840,33.374,34.776
3841,33.374,34.788
3842,33.374,34.8
3843,33.374,34.812
3844,33.374,34.824
3845,33.374,34.836
3846,33.374,34.848
3847,33.374,34.86
3848,33.374,34.872
3849,33.374,34.884
3850,33.374,34.896
3851,33.374,34.908
3852,33.374,34.92
3853,33.374,34.932
3854,33.374,34.944
3855,33.374,34.956
3856,33.374,34.968
3857,33.374,34.98
3858,33.374,34.992
3859,33.374,35.004
3860,33.374,35.016
3861,33.374,35.028
3862,33.374,35.04
3863,33.374,35.052
3864,33.374,35.064
3865,33.374,35.076
3866,33.374,35.088
3867,33.374,35.1
3868,33.374,35.112
3869,33.374,35.124
3870,33.374,35.136
3871,33.374,35.148
3872,33.374,35.16
3873,33.374,35.172
3874,33.374,35.184
3875,33.374,35.196
3876,33.385,34.728
3877,33.385,34.74
3878,33.385,34.752
3879,33.385,34.764
3880,33.385,34.776
3881,33.385,34.788
3882,33.385,34.8
3883,33.385,34.812
3884,33.385,34.824
3885,33.385,34.836
3886,33.385,34.848
3887,33.385,34.86
3888,33.385,34.872
3889,33.385,34.884
3890,33.385,34.896
3891,33.385,34.908
3892,33.385,34.92
3893,33.385,34.932
3894,33.385,34.944
3895,33.385,34.956
3896,33.385,34.968
3897,33.385,34.98
3898,33.385,34.992
3899,33.385,35.004
3900,33.385,35.016
3901,33.385,35.028
3902,33.385,35.04
3903,33.385,35.052
3904,33.385,35.064
3905,33.385,35.076
3906,33.385,35.088
3907,33.385,35.1
3908,33.385,35.112
3909,33.385,35.124
3910,33.385,35.136
3911,33.385,35.148
3912,33.385,35.16
3913,33.385,35.172
3914,33.385,35.184
3915,33.385,35.196
3916,33.396,34.74
3917,33.396,34.752
3918,33.396,34.764
3919,33.396,34.776
3920,33.396,34.788
3921,33.396,34.8
3922,33.396,34.812
3923,33.396,34.824
3924,33.396,34.836
3925,33.396,34.848
3926,33.396,34.86
3927,33.396,34.872
3928,33.396,34.884
3929,33.396,34.896
3930,33.396,34.908
3931,33.396,34.92
3932,33.396,34.932
3933,33.396,34.944
3934,33.396,34.956
3935,33.396,34.968
3936,33.396,34.98
3937,33.396,34.992
3938,33.396,35.004
3939,33.396,35.016
3940,33.396,35.028
3941,33.396,35.04
3942,33.396,35.052
3943,33.396,35.064
3944,33.396,35.076
3945,33.396,35.088
3946,33.396,35.1
3947,33.396,35.112
3948,33.396,35.124
3949,33.396,35.136
3950,33.396,35.148
3951,33.396,35.16
3952,33.396,35.172
3953,33.396,35.184
3954,33.396,35.196
3955,33.407,34.752
3956,33.407,34.764
3957,33.407,34.776
3958,33.407,34.788
3959,33.407,34.8
3960,33.407,34.812
3961,33.407,34.824
3962,33.407,34.836
3963,33.407,34.848
3964,33.407,34.86
3965,33.407,34.872
3966,33.407,34.884
3967,33.407,34.896
3968,33.407,34.908
3969,33.407,34.92
3970,33.407,34.932
3971,33.407,34.944
3972,33.407,34.956
3973,33.407,34.968
3974,33.407,34.98
3975,33.407,34.992
3976,33.407,35.004
3977,33.407,35.016
3978,33.407,35.028
3979,33.407,35.04
3980,33.407,35.052
3981,33.407,35.064
3982,33.407,35.076
3983,33.407,35.088
3984,33.407,35.1
3985,33.407,35.112
3986,33.407,35.124
3987,33.407,35.136
3988,33.407,35.148
3989,33.407,35.16
3990,33.407,35.172
3991,33.407,35.184
3992,33.407,35.196
3993,33.418,34.752
3994,33.418,34.764
3995,33.418,34.776
3996,33.418,34.788
3997,33.418,34.8
3998,33.418,34.812
3999,33.418,34.824
4000,33.418,34.836
4001,33.418,34.848
4002,33.418,34.86
4003,33.418,34.872
4004,33.418,34.884
4005,33.418,34.896
4006,33.418,34.908
4007,33.418,34.92
4008,33.418,34.932
4009,33.418,34.944
4010,33.418,34.956
4011,33.418,34.968
4012,33.418,34.98
4013,33.418,34.992
4014,33.418,35.004
4015,33.418,35.016
4016,33.418,35.028
4017,33.418,35.04
4018,33.418,35.052
4019,33.418,35.064
4020,33.418,35.076
4021,33.418,35.088
4022,33.418,35.1
4023,33.418,35.112
4024,33.418,35.124
4025,33.418,35.136
4026,33.418,35.148
4027,33.418,35.16
4028,33.418,35.172
4029,33.418,35.184
4030,33.429,34.752
4031,33.429,34.764
4032,33.429,34.776
4033,33.429,34.788
4034,33.429,34.8
4035,33.429,34.812
4036,33.429,34.824
4037,33.429,34.836
4038,33.429,34.848
4039,33.429,34.86
4040,33.429,34.872
4041,33.429,34.884
4042,33.429,34.896
4043,33.429,34.908
4044,33.429,34.92
4045,33.429,34.932
4046,33.429,34.944
4047,33.429,34.956
4048,33.429,34.968
4049,33.429,34.98
4050,33.429,34.992
4051,33.429,35.004
4052,33.429,35.016
4053,33.429,35.028
4054,33.429,35.04
4055,33.429,35.052
4056,33.429,35.064
4057,33.429,35.076
4058,33.429,35.088
4059,33.429,35.1
4060,33.429,35.112
4061,33.429,35.124
4062,33.429,35.136
4063,33.429,35.148
4064,33.44,34.764
4065,33.44,34.776
4066,33.44,34.788
4067,33.44,34.8
4068,33.44,34.812
4069,33.44,34.824
4070,33.44,34.836
4071,33.44,34.848
4072,33.44,34.86
4073,33.44,34.872
4074,33.44,34.884
4075,33.44,34.896
4076,33.44,34.908
4077,33.44,34.92
4078,33.44,34.932
4079,33.44,34.944
4080,33.44,34.956
4081,33.44,34.968
4082,33.44,34.98
4083,33.44,34.992
4084,33.44,35.004
4085,33.44,35.016
4086,33.44,35.028
4087,33.44,35.04
4088,33.44,35.052
4089,33.44,35.064
4090,33.44,35.076
4091,33.44,35.088
4092,33.44,35.1
4093,33.44,35.112
4094,33.44,35.124
4095,33.44,35.136
4096,33.451,34.764
4097,33.451,34.776
4098,33.451,34.788
4099,33.451,34.8
4100,33.451,34.812
4101,33.451,34.824
4102,33.451,34.836
4103,33.451,34.848
4104,33.451,34.86
4105,33.451,34.872
4106,33.451,34.884
4107,33.451,34.896
4108,33.451,34.908
4109,33.451,34.92
4110,33.451,34.932
4111,33.451,34.944
4112,33.451,34.956
4113,33.451,34.968
4114,33.451,34.98
4115,33.451,34.992
4116,33.451,35.004
4117,33.451,35.016
4118,33.451,35.028
4119,33.451,35.04
4120,33.451,35.052
4121,33.451,35.064
4122,33.451,35.076
4123,33.451,35.088
4124,33.451,35.1
4125,33.451,35.112
4126,33.451,35.124
4127,33.462,34.776
4128,33.462,34.788
4129,33.462,34.8
4130,33.462,34.812
4131,33.462,34.824
4132,33.462,34.836
4133,33.462,34.848
4134,33.462,34.86
4135,33.462,34.872
4136,33.462,34.884
4137,33.462,34.896
4138,33.462,34.908
4139,33.462,34.92
4140,33.462,34.932
4141,33.462,34.944
4142,33.462,34.956
4143,33.462,34.968
4144,33.462,34.98
4145,33.462,34.992
4146,33.462,35.004
4147,33.462,35.016
4148,33.462,35.028
4149,33.462,35.04
4150,33.462,35.052
4151,33.462,35.064
4152,33.462,35.076
4153,33.462,35.088
4154,33.462,35.1
4155,33.462,35.112
4156,33.473,34.776
4157,33.473,34.788
4158,33.473,34.8
4159,33.473,34.812
4160,33.473,34.824
4161,33.473,34.836
4162,33.473,34.848
4163,33.473,34.86
4164,33.473,34.872
4165,33.473,34.884
4166,33.473,34.896
4167,33.473,34.908
4168,33.473,34.92
4169,33.473,34.932
4170,33.473,34.944
4171,33.473,34.956
4172,33.473,34.968
4173,33.473,34.98
4174,33.473,34.992
4175,33.473,35.004
4176,33.473,35.016
4177,33.473,35.028
4178,33.473,35.04
4179,33.473,35.052
4180,33.473,35.064
4181,33.473,35.076
4182,33.473,35.088
4183,33.473,35.1
4184,33.484,34.776
4185,33.484,34.788
4186,33.484,34.8
4187,33.484,34.812
4188,33.484,34.824
4189,33.484,34.836
4190,33.484,34.848
4191,33.484,34.86
4192,33.484,34.872
4193,33.484,34.884
4194,33.484,34.896
4195,33.484,34.908
4196,33.484,34.92
4197,33.484,34.932
4198,33.484,34.944
4199,33.484,34.956
4200,33.484,34.968
4201,33.484,34.98
4202,33.484,34.992
4203,33.484,35.004
4204,33.484,35.016
4205,33.484,35.028
4206,33.484,35.04
4207,33.484,35.052
4208,33.484,35.064
4209,33.484,35.076
4210,33.495,34.776
4211,33.495,34.788
4212,33.495,34.8
4213,33.495,34.812
4214,33.495,34.824
4215,33.495,34.836
4216,33.495,34.848
4217,33.495,34.86
4218,33.495,34.872
4219,33.495,34.884
4220,33.495,34.896
4221,33.495,34.908
4222,33.495,34.92
4223,33.495,34.932
4224,33.495,34.944
4225,33.495,34.956
4226,33.495,34.968
4227,33.495,34.98
4228,33.495,34.992
4229,33.495,35.004
4230,33.495,35.016
4231,33.495,35.028
4232,33.495,35.04
4233,33.495,35.052
4234,33.495,35.064
4235,33.495,35.076
4236,33.506,34.776
4237,33.506,34.788
4238,33.506,34.8
4239,33.506,34.812
4240,33.506,34.824
4241,33.506,34.836
4242,33.506,34.848
4243,33.506,34.86
4244,33.506,34.872
4245,33.506,34.884
4246,33.506,34.896
4247,33.506,34.908
4248,33.506,34.92
4249,33.506,34.932
4250,33.506,34.944
4251,33.506,34.956
4252,33.506,34.968
4253,33.506,34.98
4254,33.506,34.992
4255,33.506,35.004
4256,33.506,35.016
4257,33.506,35.028
4258,33.506,35.04
4259,33.506,35.052
4260,33.506,35.064
4261,33.506,35.076
4262,33.517,34.788
4263,33.517,34.8
4264,33.517,34.812
4265,33.517,34.824
4266,33.517,34.836
4267,33.517,34.848
4268,33.517,34.86
4269,33.517,34.872
4270,33.517,34.884
4271,33.517,34.896
4272,33.517,34.908
4273,33.517,34.92
4274,33.517,34.932
4275,33.517,34.944
4276,33.517,34.956
4277,33.517,34.968
4278,33.517,34.98
4279,33.517,34.992
4280,33.517,35.004
4281,33.517,35.016
4282,33.517,35.028
4283,33.517,35.04
4284,33.517,35.052
4285,33.517,35.064
4286,33.517,35.076
4287,33.528,34.8
4288,33.528,34.812
4289,33.528,34.824
4290,33.528,34.836
4291,33.528,34.848
4292,33.528,34.86
4293,33.528,34.872
4294,33.528,34.884
4295,33.528,34.896
4296,33.528,34.908
4297,33.528,34.92
4298,33.528,34.932
4299,33.528,34.944
4300,33.528,34.956
4301,33.528,34.968
4302,33.528,34.98
4303,33.528,34.992
4304,33.528,35.004
4305,33.528,35.016
4306,33.528,35.028
4307,33.528,35.04
4308,33.528,35.052
4309,33.528,35.064
4310,33.528,35.076
4311,33.539,34.8
4312,33.539,34.812
4313,33.539,34.824
4314,33.539,34.836
4315,33.539,34.848
4316,33.539,34.86
4317,33.539,34.872
4318,33.539,34.884
4319,33.539,34.896
4320,33.539,34.908
4321,33.539,34.92
4322,33.539,34.932
4323,33.539,34.944
4324,33.539,34.956
4325,33.539,34.968
4326,33.539,34.98
4327,33.539,34.992
4328,33.539,35.004
4329,33.539,35.016
4330,33.539,35.028
4331,33.539,35.04
4332,33.539,35.052
4333,33.539,35.064
4334,33.539,35.076
4335,33.539,35.088
4336,33.55,34.812
4337,33.55,34.824
4338,33.55,34.836
4339,33.55,34.848
4340,33.55,34.86
4341,33.55,34.872
4342,33.55,34.884
4343,33.55,34.896
4344,33.55,34.908
4345,33.55,34.92
4346,33.55,34.932
4347,33.55,34.944
4348,33.55,34.956
4349,33.55,34.968
4350,33.55,34.98
4351,33.55,34.992
4352,33.55,35.004
4353,33.55,35.016
4354,33.55,35.028
4355,33.55,35.04
4356,33.55,35.052
4357,33.55,35.064
4358,33.55,35.076
4359,33.561,34.824
4360,33.561,34.836
4361,33.561,34.848
4362,33.561,34.86
4363,33.561,34.872
4364,33.561,34.884
4365,33.561,34.896
4366,33.561,34.908
4367,33.561,34.92
4368,33.561,34.932
4369,33.561,34.944
4370,33.561,34.956
4371,33.561,34.968
4372,33.561,34.98
4373,33.561,34.992
4374,33.561,35.004
4375,33.561,35.016
4376,33.561,35.028
4377,33.561,35.04
4378,33.561,35.052
4379,33.561,35.064
4380,33.561,35.076
4381,33.572,34.824
4382,33.572,34.836
4383,33.572,34.848
4384,33.572,34.86
4385,33.572,34.872
4386,33.572,34.884
4387,33.572,34.896
4388,33.572,34.908
4389,33.572,34.92
4390,33.572,34.932
4391,33.572,34.944
4392,33.572,34.956
4393,33.572,34.968
4394,33.572,34.98
4395,33.572,34.992
4396,33.572,35.004
4397,33.572,35.016
4398,33.572,35.028
4399,33.572,35.04
4400,33.572,35.052
4401,33.572,35.064
4402,33.583,34.824
4403,33.583,34.836
4404,33.583,34.848
4405,33.583,34.86
4406,33.583,34.872
4407,33.583,34.884
4408,33.583,34.896
4409,33.583,34.908
4410,33.583,34.92
4411,33.583,34.932
4412,33.583,34.944
4413,33.583,34.956
4414,33.583,34.968
4415,33.583,34.98
4416,33.583,34.992
4417,33.583,35.004
4418,33.583,35.016
4419,33.583,35.028
4420,33.583,35.04
4421,33.583,35.052
4422,33.594,34.824
4423,33.594,34.836
4424,33.594,34.848
4425,33.594,34.86
4426,33.594,34.872
4427,33.594,34.884
4428,33.594,34.896
4429,33.594,34.908
4430,33.594,34.92
4431,33.594,34.932
4432,33.594,34.944
4433,33.594,34.956
4434,33.594,34.968
4435,33.594,34.98
4436,33.594,34.992
4437,33.594,35.004
4438,33.594,35.016
4439,33.594,35.028
4440,33.594,35.04
4441,33.605,34.812
4442,33.605,34.824
4443,33.605,34.836
4444,33.605,34.848
4445,33.605,34.86
4446,33.605,34.872
4447,33.605,34.884
4448,33.605,34.896
4449,33.605,34.908
4450,33.605,34.92
4451,33.605,34.932
4452,33.605,34.944
4453,33.605,34.956
4454,33.605,34.968
4455,33.605,34.98
4456,33.605,34.992
4457,33.605,35.004
4458,33.605,35.016
4459,33.605,35.028
4460,33.605,35.04
4461,33.605,35.052
4462,33.616,34.812
4463,33.616,34.824
4464,33.616,34.836
4465,33.616,34.848
4466,33.616,34.86
4467,33.616,34.872
4468,33.616,34.884
4469,33.616,34.896
4470,33.616,34.908
4471,33.616,34.92
4472,33.616,34.932
4473,33.616,34.944
4474,33.616,34.956
4475,33.616,34.968
4476,33.616,34.98
4477,33.616,34.992
4478,33.616,35.004
4479,33.616,35.016
4480,33.616,35.028
4481,33.616,35.04
4482,33.616,35.052
4483,33.627,34.848
4484,33.627,34.86
4485,33.627,34.872
4486,33.627,34.884
4487,33.627,34.896
4488,33.627,34.908
4489,33.627,34.92
4490,33.627,34.932
4491,33.627,34.944
4492,33.627,34.956
4493,33.627,34.968
4494,33.627,34.98
4495,33.627,34.992
4496,33.627,35.004
4497,33.627,35.016
4498,33.627,35.028
4499,33.627,35.04
4500,33.627,35.052
4501,33.638,34.86
4502,33.638,34.872
4503,33.638,34.884
4504,33.638,34.896
4505,33.638,34.908
4506,33.638,34.92
4507,33.638,34.932
4508,33.638,34.944
4509,33.638,34.956
4510,33.638,34.968
4511,33.638,34.98
4512,33.638,34.992
4513,33.638,35.004
4514,33.638,35.016
4515,33.638,35.028
4516,33.638,35.04
4517,33.649,34.92
4518,33.649,34.932
4519,33.649,34.944
4520,33.649,34.956
4521,33.649,34.968
4522,33.649,34.98
4523,33.649,34.992
4524,33.649,35.004
4525,33.649,35.016
4526,33.649,35.028
4527,33.649,35.04
4528,33.66,34.956
4529,33.66,34.968
4530,33.66,34.98
4531,33.66,34.992
4532,33.66,35.004
4533,33.66,35.016
4534,33.66,35.028
4535,33.66,35.04
4536,33.671,34.968
4537,33.671,34.98
4538,33.671,34.992
4539,33.671,35.004
4540,33.671,35.016
4541,33.671,35.028
4542,33.671,35.04
4543,33.671,35.052
4544,33.671,35.064
4545,33.682,34.968
4546,33.682,34.98
4547,33.682,34.992
4548,33.682,35.004
4549,33.682,35.016
4550,33.682,35.028
4551,33.682,35.04
4552,33.682,35.052
4553,33.682,35.064
4554,33.693,34.98
4555,33.693,34.992
4556,33.693,35.004
4557,33.693,35.016
4558,33.693,35.028
4559,33.693,35.04
4560,33.693,35.052
4561,33.693,35.064
4562,33.704,34.98
4563,33.704,34.992
4564,33.704,35.004
4565,33.704,35.016
4566,33.704,35.028
4567,33.704,35.04
4568,33.704,35.052
4569,33.704,35.064
4570,33.704,35.076
4571,33.715,34.98
4572,33.715,34.992
4573,33.715,35.004
4574,33.715,35.016
4575,33.715,35.028
4576,33.715,35.04
4577,33.715,35.052
4578,33.715,35.064
4579,33.715,35.076
4580,33.726,34.98
4581,33.726,34.992
4582,33.726,35.004
4583,33.726,35.016
4584,33.726,35.028
4585,33.726,35.04
4586,33.726,35.052
4587,33.737,34.98
4588,33.737,34.992
4589,33.737,35.004
4590,33.737,35.016
4591,33.737,35.028
4592,33.737,35.04
4593,33.737,35.052
4594,33.737,35.064
4595,33.748,34.98
4596,33.748,34.992
4597,33.748,35.004
4598,33.748,35.016
4599,33.748,35.028
4600,33.748,35.04
4601,33.748,35.052
4602,33.759,34.98
4603,33.759,34.992
4604,33.759,35.004
4605,33.759,35.016
4606,33.759,35.028
4607,33.759,35.04
4608,33.759,35.052
4609,33.77,34.98
4610,33.77,34.992
4611,33.77,35.004
4612,33.77,35.016
4613,33.77,35.028
4614,33.77,35.04
4615,33.77,35.052
4616,33.781,34.98
4617,33.781,34.992
4618,33.781,35.004
4619,33.781,35.016
4620,33.781,35.028
4621,33.781,35.04
4622,33.781,35.052
4623,33.792,34.968
4624,33.792,34.98
4625,33.792,34.992
4626,33.792,35.004
4627,33.792,35.016
4628,33.792,35.028
4629,33.792,35.04
4630,33.792,35.052
4631,33.792,35.064
4632,33.803,34.968
4633,33.803,34.98
4634,33.803,34.992
4635,33.803,35.004
4636,33.803,35.016
4637,33.803,35.028
4638,33.803,35.04
4639,33.803,35.052
4640,33.803,35.064
4641,33.814,34.968
4642,33.814,34.98
4643,33.814,34.992
4644,33.814,35.004
4645,33.814,35.016
4646,33.814,35.028
4647,33.814,35.04
4648,33.814,35.052
4649,33.814,35.064
4650,33.814,35.076
4651,33.825,34.956
4652,33.825,34.968
4653,33.825,34.98
4654,33.825,34.992
4655,33.825,35.004
4656,33.825,35.016
4657,33.825,35.028
4658,33.825,35.04
4659,33.825,35.052
4660,33.825,35.064
4661,33.825,35.076
4662,33.836,34.956
4663,33.836,34.968
4664,33.836,34.98
4665,33.836,34.992
4666,33.836,35.004
4667,33.836,35.016
4668,33.836,35.028
4669,33.836,35.04
4670,33.836,35.052
4671,33.836,35.064
4672,33.836,35.076
4673,33.847,34.944
4674,33.847,34.956
4675,33.847,34.968
4676,33.847,34.98
4677,33.847,34.992
4678,33.847,35.004
4679,33.847,35.016
4680,33.847,35.028
4681,33.847,35.04
4682,33.847,35.052
4683,33.847,35.064
4684,33.847,35.076
4685,33.858,34.944
4686,33.858,34.956
4687,33.858,34.968
4688,33.858,34.98
4689,33.858,34.992
4690,33.858,35.004
4691,33.858,35.016
4692,33.858,35.028
4693,33.858,35.04
4694,33.858,35.052
4695,33.858,35.064
4696,33.858,35.076
4697,33.858,35.088
4698,33.858,35.1
4699,33.869,34.944
4700,33.869,34.956
4701,33.869,34.968
4702,33.869,34.98
4703,33.869,34.992
4704,33.869,35.004
4705,33.869,35.016
4706,33.869,35.028
4707,33.869,35.04
4708,33.869,35.052
4709,33.869,35.064
4710,33.869,35.076
4711,33.869,35.088
4712,33.869,35.1
4713,33.869,35.112
4714,33.869,35.124
4715,33.88,34.944
4716,33.88,34.956
4717,33.88,34.968
4718,33.88,34.98
4719,33.88,34.992
4720,33.88,35.004
4721,33.88,35.016
4722,33.88,35.028
4723,33.88,35.04
4724,33.88,35.052
4725,33.88,35.064
4726,33.88,35.076
4727,33.88,35.088
4728,33.88,35.1
4729,33.88,35.112
4730,33.88,35.124
4731,33.891,34.956
4732,33.891,34.968
4733,33.891,34.98
4734,33.891,34.992
4735,33.891,35.004
4736,33.891,35.016
4737,33.891,35.028
4738,33.891,35.04
4739,33.891,35.052
4740,33.891,35.064
4741,33.891,35.076
4742,33.891,35.088
4743,33.891,35.1
4744,33.891,35.112
4745,33.891,35.124
4746,33.902,34.956
4747,33.902,34.968
4748,33.902,34.98
4749,33.902,34.992
4750,33.902,35.004
4751,33.902,35.016
4752,33.902,35.028
4753,33.902,35.04
4754,33.902,35.052
4755,33.902,35.064
4756,33.902,35.076
4757,33.902,35.088
4758,33.902,35.1
4759,33.902,35.112
4760,33.913,34.968
4761,33.913,34.98
4762,33.913,34.992
4763,33.913,35.004
4764,33.913,35.016
4765,33.913,35.028
4766,33.913,35.04
4767,33.913,35.052
4768,33.913,35.064
4769,33.913,35.076
4770,33.913,35.088
4771,33.913,35.1
4772,33.924,34.98
4773,33.924,34.992
4774,33.924,35.004
4775,33.924,35.016
4776,33.924,35.028
4777,33.924,35.04
4778,33.924,35.052
4779,33.924,35.064
4780,33.924,35.076
4781,33.935,34.98
4782,33.935,34.992
4783,33.935,35.004
4784,33.935,35.016
4785,33.935,35.028
4786,33.935,35.04
4787,33.935,35.052
4788,33.935,35.064
4789,33.935,35.076
4790,33.946,34.98
4791,33.946,34.992
4792,33.946,35.004
4793,33.946,35.016
4794,33.946,35.028
4795,33.946,35.04
4796,33.946,35.052
4797,33.946,35.064
4798,33.946,35.076
4799,33.957,34.98
4800,33.957,34.992
4801,33.957,35.004
4802,33.957,35.016
4803,33.957,35.028
4804,33.957,35.04
4805,33.957,35.052
4806,33.957,35.064
4807,33.957,35.076
4808,33.968,34.98
4809,33.968,34.992
4810,33.968,35.004
4811,33.968,35.016
4812,33.968,35.028
4813,33.968,35.04
4814,33.968,35.052
4815,33.968,35.064
4816,33.968,35.076
4817,33.979,34.98
4818,33.979,34.992
4819,33.979,35.004
4820,33.979,35.016
4821,33.979,35.028
4822,33.979,35.04
4823,33.979,35.052
4824,33.979,35.064
4825,33.979,35.076
4826,33.99,34.98
4827,33.99,34.992
4828,33.99,35.004
4829,33.99,35.016
4830,33.99,35.028
4831,33.99,35.04
4832,33.99,35.052
4833,33.99,35.064
4834,33.99,35.076
4835,34.001,34.98
4836,34.001,34.992
4837,34.001,35.004
4838,34.001,35.016
4839,34.001,35.028
4840,34.001,35.04
4841,34.001,35.052
4842,34.001,35.064
4843,34.001,35.076
4844,34.012,34.98
4845,34.012,34.992
4846,34.012,35.004
4847,34.012,35.016
4848,34.012,35.028
4849,34.012,35.04
4850,34.012,35.052
4851,34.012,35.064
4852,34.023,34.98
4853,34.023,34.992
4854,34.023,35.004
4855,34.023,35.016
4856,34.023,35.028
4857,34.023,35.04
4858,34.023,35.052
4859,34.034,34.98
4860,34.034,34.992
4861,34.034,35.004
4862,34.034,35.016
4863,34.034,35.028
4864,34.034,35.04
4865,34.045,34.968
4866,34.045,34.98
4867,34.045,34.992
4868,34.045,35.004
4869,34.045,35.016
4870,34.045,35.028
4871,34.045,35.04
4872,34.056,34.968
4873,34.056,34.98
4874,34.056,34.992
4875,34.056,35.004
4876,34.056,35.016
4877,34.056,35.028
4878,34.067,34.956
4879,34.067,34.968
4880,34.067,34.98
4881,34.067,34.992
4882,34.067,35.004
4883,34.067,35.016
4884,34.078,34.956
4885,34.078,34.968
4886,34.078,34.98
4887,34.078,34.992
4888,34.078,35.004
4889,34.089,34.956
4890,34.089,34.968
